logtime,beam_current,beam_energy,integrated_current,integrated_colmn2.5Gev
2019-05-22 00:00:00.0,109.27,2499.845,5093.918,3376.0356
2019-05-22 00:01:00.0,109.24,2499.861,5093.92,3376.0374
2019-05-22 00:02:00.0,109.22,2499.855,5093.9214,3376.0393
2019-05-22 00:03:00.0,109.18,2499.8506,5093.9233,3376.041
2019-05-22 00:04:00.0,109.16,2499.8376,5093.9253,3376.043
2019-05-22 00:05:00.0,109.12,2499.8733,5093.9272,3376.0447
2019-05-22 00:06:00.0,109.09,2499.8398,5093.9287,3376.0466
2019-05-22 00:07:00.0,109.06,2499.8413,5093.9307,3376.0483
2019-05-22 00:08:00.0,109.03,2499.859,5093.9326,3376.05
2019-05-22 00:09:00.0,108.98,2499.874,5093.9346,3376.052
2019-05-22 00:10:00.0,108.95,2499.8633,5093.936,3376.0537
2019-05-22 00:11:00.0,108.93,2499.867,5093.938,3376.0557
2019-05-22 00:12:00.0,108.9,2499.8674,5093.94,3376.0574
2019-05-22 00:13:00.0,108.86,2499.8645,5093.9414,3376.0593
2019-05-22 00:14:00.0,108.86,2499.8633,5093.9434,3376.061
2019-05-22 00:15:00.0,108.83,2499.869,5093.9453,3376.063
2019-05-22 00:16:00.0,108.78,2499.8604,5093.9473,3376.0647
2019-05-22 00:17:00.0,108.74,2499.8748,5093.9487,3376.0664
2019-05-22 00:18:00.0,108.71,2499.866,5093.9507,3376.0684
2019-05-22 00:19:00.0,108.67,2499.8647,5093.9526,3376.07
2019-05-22 00:20:00.0,108.64,2499.8484,5093.954,3376.072
2019-05-22 00:21:00.0,108.58,2499.8682,5093.956,3376.0737
2019-05-22 00:22:00.0,108.57,2499.858,5093.958,3376.0754
2019-05-22 00:23:00.0,108.54,2499.856,5093.9595,3376.0774
2019-05-22 00:24:00.0,108.48,2499.8752,5093.9614,3376.079
2019-05-22 00:25:00.0,108.48,2499.8528,5093.9634,3376.081
2019-05-22 00:26:00.0,108.45,2499.8464,5093.9653,3376.0828
2019-05-22 00:27:00.0,108.42,2499.8677,5093.967,3376.0845
2019-05-22 00:28:00.0,108.37,2499.855,5093.9688,3376.0864
2019-05-22 00:29:00.0,108.34,2499.8604,5093.9707,3376.0881
2019-05-22 00:30:00.0,108.31,2499.8472,5093.972,3376.09
2019-05-22 00:31:00.0,108.26,2499.8726,5093.974,3376.0918
2019-05-22 00:32:00.0,108.23,2499.867,5093.976,3376.0935
2019-05-22 00:33:00.0,108.2,2499.8506,5093.9775,3376.0955
2019-05-22 00:34:00.0,108.17,2499.8618,5093.9795,3376.0972
2019-05-22 00:35:00.0,108.14,2499.8682,5093.9814,3376.099
2019-05-22 00:36:00.0,108.13,2499.8682,5093.9834,3376.1008
2019-05-22 00:37:00.0,108.09,2499.869,5093.985,3376.1025
2019-05-22 00:38:00.0,108.05,2499.848,5093.987,3376.1045
2019-05-22 00:39:00.0,108.05,2499.858,5093.989,3376.1062
2019-05-22 00:40:00.0,107.97,2499.874,5093.99,3376.108
2019-05-22 00:41:00.0,107.96,2499.8662,5093.992,3376.1099
2019-05-22 00:42:00.0,107.94,2499.8596,5093.994,3376.1116
2019-05-22 00:43:00.0,107.9,2499.8596,5093.9956,3376.1135
2019-05-22 00:44:00.0,107.9,2499.876,5093.9976,3376.1152
2019-05-22 00:45:00.0,107.84,2499.8813,5093.9995,3376.117
2019-05-22 00:46:00.0,107.8,2499.8618,5094.001,3376.119
2019-05-22 00:47:00.0,107.76,2499.8655,5094.003,3376.1206
2019-05-22 00:48:00.0,107.73,2499.8662,5094.005,3376.1223
2019-05-22 00:49:00.0,107.7,2499.8574,5094.0063,3376.1243
2019-05-22 00:50:00.0,107.67,2499.864,5094.0083,3376.126
2019-05-22 00:51:00.0,107.67,2499.8623,5094.0103,3376.1277
2019-05-22 00:52:00.0,107.59,2499.8752,5094.0117,3376.1296
2019-05-22 00:53:00.0,107.55,2499.8616,5094.0137,3376.1313
2019-05-22 00:54:00.0,107.55,2499.863,5094.0156,3376.133
2019-05-22 00:55:00.0,107.52,2499.8645,5094.017,3376.135
2019-05-22 00:56:00.0,107.47,2499.864,5094.019,3376.1367
2019-05-22 00:57:00.0,107.45,2499.855,5094.021,3376.1387
2019-05-22 00:58:00.0,107.42,2499.853,5094.0225,3376.1404
2019-05-22 00:59:00.0,107.42,2499.8633,5094.0244,3376.142
2019-05-22 01:00:00.0,107.38,2499.8638,5094.0264,3376.144
2019-05-22 01:01:00.0,107.32,2499.8567,5094.028,3376.1458
2019-05-22 01:02:00.0,107.29,2499.8733,5094.03,3376.1475
2019-05-22 01:03:00.0,107.24,2499.8586,5094.0317,3376.1492
2019-05-22 01:04:00.0,107.23,2499.8464,5094.033,3376.1511
2019-05-22 01:05:00.0,107.18,2499.863,5094.035,3376.1528
2019-05-22 01:06:00.0,107.16,2499.869,5094.037,3376.1545
2019-05-22 01:07:00.0,107.13,2499.858,5094.0386,3376.1565
2019-05-22 01:08:00.0,107.1,2499.874,5094.0405,3376.1582
2019-05-22 01:09:00.0,107.07,2499.8682,5094.0425,3376.16
2019-05-22 01:10:00.0,107.04,2499.859,5094.044,3376.1619
2019-05-22 01:11:00.0,107.01,2499.8574,5094.046,3376.1636
2019-05-22 01:12:00.0,106.98,2499.8528,5094.048,3376.1653
2019-05-22 01:13:00.0,106.97,2499.8574,5094.0493,3376.1672
2019-05-22 01:14:00.0,106.95,2499.8582,5094.0513,3376.169
2019-05-22 01:15:00.0,106.92,2499.8623,5094.053,3376.1707
2019-05-22 01:16:00.0,106.89,2499.8618,5094.0547,3376.1724
2019-05-22 01:17:00.0,106.83,2499.867,5094.0566,3376.1743
2019-05-22 01:18:00.0,106.8,2499.8638,5094.0586,3376.176
2019-05-22 01:19:00.0,106.75,2499.8516,5094.06,3376.1777
2019-05-22 01:20:00.0,106.72,2499.8594,5094.062,3376.1797
2019-05-22 01:21:00.0,106.68,2499.849,5094.064,3376.1814
2019-05-22 01:22:00.0,106.66,2499.8516,5094.0654,3376.183
2019-05-22 01:23:00.0,106.63,2499.852,5094.0674,3376.1848
2019-05-22 01:24:00.0,106.6,2499.85,5094.069,3376.1868
2019-05-22 01:25:00.0,106.55,2499.858,5094.071,3376.1885
2019-05-22 01:26:00.0,106.55,2499.8616,5094.0728,3376.1902
2019-05-22 01:27:00.0,106.49,2499.8618,5094.074,3376.1921
2019-05-22 01:28:00.0,106.48,2499.869,5094.076,3376.1938
2019-05-22 01:29:00.0,106.46,2499.8696,5094.078,3376.1956
2019-05-22 01:30:00.0,106.42,2499.8486,5094.0796,3376.1973
2019-05-22 01:31:00.0,106.37,2499.8572,5094.0815,3376.1992
2019-05-22 01:32:00.0,106.36,2499.8618,5094.0835,3376.201
2019-05-22 01:33:00.0,106.29,2499.871,5094.085,3376.2026
2019-05-22 01:34:00.0,106.28,2499.8647,5094.087,3376.2043
2019-05-22 01:35:00.0,106.26,2499.8748,5094.0884,3376.2063
2019-05-22 01:36:00.0,106.22,2499.861,5094.0903,3376.208
2019-05-22 01:37:00.0,106.2,2499.856,5094.0923,3376.2097
2019-05-22 01:38:00.0,106.17,2499.8682,5094.0938,3376.2114
2019-05-22 01:39:00.0,106.17,2499.8616,5094.0957,3376.2134
2019-05-22 01:40:00.0,106.1,2499.855,5094.0977,3376.215
2019-05-22 01:41:00.0,106.05,2499.869,5094.099,3376.2168
2019-05-22 01:42:00.0,106.05,2499.8696,5094.101,3376.2185
2019-05-22 01:43:00.0,106.02,2499.869,5094.1025,3376.2205
2019-05-22 01:44:00.0,105.99,2499.8457,5094.1045,3376.2222
2019-05-22 01:45:00.0,105.97,2499.8552,5094.1064,3376.2239
2019-05-22 01:46:00.0,105.93,2499.8508,5094.108,3376.2256
2019-05-22 01:47:00.0,105.9,2499.8633,5094.11,3376.2275
2019-05-22 01:48:00.0,105.85,2499.8696,5094.1113,3376.2292
2019-05-22 01:49:00.0,105.82,2499.8567,5094.1133,3376.231
2019-05-22 01:50:00.0,105.81,2499.8696,5094.115,3376.2327
2019-05-22 01:51:00.0,105.76,2499.8616,5094.1167,3376.2344
2019-05-22 01:52:00.0,105.75,2499.8567,5094.1187,3376.2363
2019-05-22 01:53:00.0,105.71,2499.8696,5094.1206,3376.238
2019-05-22 01:54:00.0,105.68,2499.8647,5094.122,3376.2397
2019-05-22 01:55:00.0,105.67,2499.855,5094.124,3376.2415
2019-05-22 01:56:00.0,105.62,2499.8696,5094.1255,3376.2434
2019-05-22 01:57:00.0,105.58,2499.8655,5094.1274,3376.245
2019-05-22 01:58:00.0,105.53,2499.8652,5094.1294,3376.2468
2019-05-22 01:59:00.0,105.52,2499.861,5094.131,3376.2485
2019-05-22 02:00:00.0,105.49,2499.869,5094.133,3376.2502
2019-05-22 02:01:00.0,105.46,2499.8625,5094.1343,3376.2522
2019-05-22 02:02:00.0,105.42,2499.852,5094.136,3376.254
2019-05-22 02:03:00.0,105.38,2499.8748,5094.138,3376.2556
2019-05-22 02:04:00.0,105.35,2499.8623,5094.1396,3376.2573
2019-05-22 02:05:00.0,105.33,2499.8564,5094.1416,3376.259
2019-05-22 02:06:00.0,105.29,2499.8594,5094.143,3376.261
2019-05-22 02:07:00.0,105.27,2499.869,5094.145,3376.2627
2019-05-22 02:08:00.0,105.24,2499.8516,5094.147,3376.2644
2019-05-22 02:09:00.0,105.21,2499.8833,5094.1484,3376.266
2019-05-22 02:10:00.0,105.18,2499.8625,5094.1504,3376.2678
2019-05-22 02:11:00.0,105.13,2499.8625,5094.152,3376.2695
2019-05-22 02:12:00.0,105.09,2499.8674,5094.154,3376.2715
2019-05-22 02:13:00.0,105.07,2499.8564,5094.1553,3376.2732
2019-05-22 02:14:00.0,105.06,2499.8662,5094.157,3376.275
2019-05-22 02:15:00.0,105.03,2499.8733,5094.159,3376.2766
2019-05-22 02:16:00.0,105.01,2499.8552,5094.1606,3376.2783
2019-05-22 02:17:00.0,105.0,2499.8733,5094.1626,3376.2803
2019-05-22 02:18:00.0,104.95,2499.8457,5094.164,3376.282
2019-05-22 02:19:00.0,104.95,2499.8542,5094.166,3376.2837
2019-05-22 02:20:00.0,104.89,2499.8652,5094.168,3376.2854
2019-05-22 02:21:00.0,104.86,2499.866,5094.1694,3376.287
2019-05-22 02:22:00.0,104.83,2499.855,5094.1714,3376.2888
2019-05-22 02:23:00.0,104.8,2499.8486,5094.173,3376.2905
2019-05-22 02:24:00.0,104.75,2499.867,5094.175,3376.2925
2019-05-22 02:25:00.0,104.74,2499.8457,5094.1763,3376.2942
2019-05-22 02:26:00.0,104.71,2499.864,5094.178,3376.296
2019-05-22 02:27:00.0,104.66,2499.8618,5094.18,3376.2976
2019-05-22 02:28:00.0,104.63,2499.859,5094.1816,3376.2993
2019-05-22 02:29:00.0,104.59,2499.8655,5094.1836,3376.301
2019-05-22 02:30:00.0,104.59,2499.88,5094.185,3376.3027
2019-05-22 02:31:00.0,104.55,2499.855,5094.187,3376.3047
2019-05-22 02:32:00.0,104.51,2499.8647,5094.1885,3376.3064
2019-05-22 02:33:00.0,104.49,2499.856,5094.1904,3376.308
2019-05-22 02:34:00.0,104.45,2499.861,5094.1924,3376.3098
2019-05-22 02:35:00.0,104.45,2499.8704,5094.194,3376.3115
2019-05-22 02:36:00.0,104.4,2499.8572,5094.196,3376.3132
2019-05-22 02:37:00.0,104.36,2499.8574,5094.1973,3376.315
2019-05-22 02:38:00.0,104.34,2499.876,5094.199,3376.317
2019-05-22 02:39:00.0,104.3,2499.8682,5094.2007,3376.3186
2019-05-22 02:40:00.0,104.31,2499.8784,5094.2026,3376.3203
2019-05-22 02:41:00.0,104.26,2499.859,5094.2046,3376.322
2019-05-22 02:42:00.0,104.22,2499.864,5094.206,3376.3237
2019-05-22 02:43:00.0,104.22,2499.8696,5094.208,3376.3254
2019-05-22 02:44:00.0,104.17,2499.8596,5094.2095,3376.3271
2019-05-22 02:45:00.0,104.1,2499.856,5094.2114,3376.3289
2019-05-22 02:46:00.0,104.11,2499.8696,5094.213,3376.3306
2019-05-22 02:47:00.0,104.08,2499.8523,5094.215,3376.3325
2019-05-22 02:48:00.0,104.07,2499.8677,5094.2163,3376.3342
2019-05-22 02:49:00.0,104.04,2499.869,5094.2183,3376.336
2019-05-22 02:50:00.0,104.02,2499.8557,5094.22,3376.3376
2019-05-22 02:51:00.0,103.97,2499.8564,5094.2217,3376.3394
2019-05-22 02:52:00.0,103.94,2499.869,5094.2236,3376.341
2019-05-22 02:53:00.0,103.9,2499.8596,5094.225,3376.3428
2019-05-22 02:54:00.0,103.9,2499.8552,5094.227,3376.3445
2019-05-22 02:55:00.0,103.84,2499.8594,5094.2285,3376.3462
2019-05-22 02:56:00.0,103.81,2499.8784,5094.2305,3376.348
2019-05-22 02:57:00.0,103.81,2499.866,5094.232,3376.3499
2019-05-22 02:58:00.0,103.73,2499.874,5094.234,3376.3516
2019-05-22 02:59:00.0,103.73,2499.8638,5094.2354,3376.3533
2019-05-22 03:00:00.0,103.72,2499.8604,5094.2373,3376.355
2019-05-22 03:01:00.0,103.65,2499.8623,5094.239,3376.3567
2019-05-22 03:02:00.0,103.64,2499.874,5094.2407,3376.3584
2019-05-22 03:03:00.0,103.59,2499.8582,5094.2427,3376.36
2019-05-22 03:04:00.0,103.58,2499.861,5094.244,3376.3618
2019-05-22 03:05:00.0,103.56,2499.8645,5094.246,3376.3635
2019-05-22 03:06:00.0,103.53,2499.8733,5094.2476,3376.3652
2019-05-22 03:07:00.0,103.5,2499.8564,5094.2495,3376.367
2019-05-22 03:08:00.0,103.47,2499.8733,5094.251,3376.3687
2019-05-22 03:09:00.0,103.44,2499.864,5094.253,3376.3704
2019-05-22 03:10:00.0,103.41,2499.8682,5094.2544,3376.372
2019-05-22 03:11:00.0,103.36,2499.8748,5094.2563,3376.374
2019-05-22 03:12:00.0,103.35,2499.8542,5094.258,3376.3757
2019-05-22 03:13:00.0,103.32,2499.8574,5094.26,3376.3774
2019-05-22 03:14:00.0,103.32,2499.8618,5094.261,3376.3792
2019-05-22 03:15:00.0,103.26,2499.8618,5094.263,3376.3809
2019-05-22 03:16:00.0,103.24,2499.8572,5094.2646,3376.3826
2019-05-22 03:17:00.0,103.23,2499.8645,5094.2666,3376.3843
2019-05-22 03:18:00.0,103.18,2499.8523,5094.2686,3376.386
2019-05-22 03:19:00.0,103.14,2499.8733,5094.27,3376.3877
2019-05-22 03:20:00.0,103.12,2499.8625,5094.272,3376.3894
2019-05-22 03:21:00.0,103.07,2499.8638,5094.2734,3376.391
2019-05-22 03:22:00.0,103.07,2499.8494,5094.2754,3376.3928
2019-05-22 03:23:00.0,103.06,2499.859,5094.277,3376.3945
2019-05-22 03:24:00.0,103.03,2499.8647,5094.279,3376.3962
2019-05-22 03:25:00.0,103.0,2499.863,5094.2803,3376.398
2019-05-22 03:26:00.0,102.98,2499.8596,5094.282,3376.3997
2019-05-22 03:27:00.0,102.94,2499.8674,5094.2837,3376.4014
2019-05-22 03:28:00.0,102.89,2499.8494,5094.2856,3376.403
2019-05-22 03:29:00.0,102.86,2499.853,5094.287,3376.4048
2019-05-22 03:30:00.0,102.83,2499.8464,5094.289,3376.4065
2019-05-22 03:31:00.0,102.8,2499.8677,5094.2905,3376.4082
2019-05-22 03:32:00.0,102.77,2499.8567,5094.2925,3376.41
2019-05-22 03:33:00.0,102.75,2499.8755,5094.294,3376.4116
2019-05-22 03:34:00.0,102.69,2499.8718,5094.296,3376.4133
2019-05-22 03:35:00.0,102.66,2499.8499,5094.2974,3376.415
2019-05-22 03:36:00.0,102.65,2499.8596,5094.2993,3376.4167
2019-05-22 03:37:00.0,102.63,2499.8647,5094.301,3376.4185
2019-05-22 03:38:00.0,102.59,2499.8762,5094.3027,3376.4202
2019-05-22 03:39:00.0,102.57,2499.8516,5094.304,3376.4219
2019-05-22 03:40:00.0,102.54,2499.8704,5094.306,3376.4236
2019-05-22 03:41:00.0,102.49,2499.8596,5094.3076,3376.4253
2019-05-22 03:42:00.0,102.49,2499.8608,5094.3096,3376.427
2019-05-22 03:43:00.0,102.45,2499.8662,5094.311,3376.4287
2019-05-22 03:44:00.0,102.42,2499.8682,5094.313,3376.4304
2019-05-22 03:45:00.0,102.39,2499.8782,5094.3145,3376.4321
2019-05-22 03:46:00.0,102.37,2499.8682,5094.3164,3376.4338
2019-05-22 03:47:00.0,102.34,2499.8535,5094.318,3376.4355
2019-05-22 03:48:00.0,102.33,2499.849,5094.32,3376.4373
2019-05-22 03:49:00.0,102.27,2499.8655,5094.3213,3376.439
2019-05-22 03:50:00.0,102.28,2499.8704,5094.323,3376.4407
2019-05-22 03:51:00.0,102.24,2499.8586,5094.3247,3376.4424
2019-05-22 03:52:00.0,102.2,2499.8582,5094.3267,3376.444
2019-05-22 03:53:00.0,102.16,2499.8748,5094.328,3376.4458
2019-05-22 03:54:00.0,102.14,2499.8652,5094.33,3376.4475
2019-05-22 03:55:00.0,102.11,2499.8616,5094.3315,3376.4492
2019-05-22 03:56:00.0,102.1,2499.853,5094.3335,3376.451
2019-05-22 03:57:00.0,102.07,2499.8655,5094.335,3376.4526
2019-05-22 03:58:00.0,102.05,2499.8616,5094.337,3376.4543
2019-05-22 03:59:00.0,102.04,2499.8726,5094.3384,3376.456
2019-05-22 04:00:00.0,102.02,2499.8777,5094.3403,3376.4578
2019-05-22 04:01:00.0,102.01,2499.8655,5094.342,3376.4595
2019-05-22 04:02:00.0,101.88,2499.8618,5094.3438,3376.4612
2019-05-22 04:03:00.0,101.85,2499.8652,5094.345,3376.463
2019-05-22 04:04:00.0,11.6,2499.8774,5094.346,3376.464
2019-05-22 04:05:00.0,8.52,2499.855,5094.3467,3376.4644
2019-05-22 04:06:00.0,7.93,2499.8506,5094.3467,3376.4644
2019-05-22 04:07:00.0,7.93,2499.869,5094.3467,3376.4646
2019-05-22 04:08:00.0,7.93,2499.869,5094.347,3376.4646
2019-05-22 04:09:00.0,7.92,2499.8542,5094.347,3376.4648
2019-05-22 04:10:00.0,7.93,2499.8633,5094.347,3376.4648
2019-05-22 04:11:00.0,7.92,2499.8572,5094.347,3376.465
2019-05-22 04:12:00.0,0.04,0.0,5094.3477,3376.465
2019-05-22 04:13:00.0,0.09,0.0,5094.3477,3376.465
2019-05-22 04:14:00.0,0.14,0.0,5094.3477,3376.465
2019-05-22 04:15:00.0,0.14,0.0,5094.3477,3376.465
2019-05-22 04:16:00.0,0.13,0.0,5094.3477,3376.465
2019-05-22 04:17:00.0,0.09,0.0,5094.3477,3376.465
2019-05-22 04:18:00.0,0.06,0.0,5094.3477,3376.465
2019-05-22 04:19:00.0,0.02,0.0,5094.3477,3376.465
2019-05-22 04:20:00.0,0.06,0.0,5094.3477,3376.465
2019-05-22 04:21:00.0,0.11,0.0,5094.3477,3376.465
2019-05-22 04:22:00.0,0.14,0.0,5094.3477,3376.465
2019-05-22 04:23:00.0,0.14,0.0,5094.3477,3376.465
2019-05-22 04:24:00.0,0.09,0.0,5094.3477,3376.465
2019-05-22 04:25:00.0,0.07,0.0,5094.3477,3376.465
2019-05-22 04:26:00.0,0.02,0.0,5094.3477,3376.465
2019-05-22 04:27:00.0,0.05,0.0,5094.3477,3376.465
2019-05-22 04:28:00.0,0.11,0.0,5094.3477,3376.465
2019-05-22 04:29:00.0,0.14,0.0,5094.3477,3376.465
2019-05-22 04:30:00.0,0.14,0.0,5094.3477,3376.465
2019-05-22 04:31:00.0,0.1,0.0,5094.3477,3376.465
2019-05-22 04:32:00.0,0.08,0.0,5094.3477,3376.465
2019-05-22 04:33:00.0,0.03,0.0,5094.3477,3376.465
2019-05-22 04:34:00.0,0.03,0.0,5094.3477,3376.465
2019-05-22 04:35:00.0,0.11,0.0,5094.3477,3376.465
2019-05-22 04:36:00.0,0.13,0.0,5094.3477,3376.465
2019-05-22 04:37:00.0,0.14,0.0,5094.3477,3376.465
2019-05-22 04:38:00.0,0.1,0.0,5094.3477,3376.465
2019-05-22 04:39:00.0,0.09,0.0,5094.3477,3376.465
2019-05-22 04:40:00.0,0.09,0.0,5094.3477,3376.465
2019-05-22 04:41:00.0,0.09,0.0,5094.3477,3376.465
2019-05-22 04:42:00.0,0.08,0.0,5094.3477,3376.465
2019-05-22 04:43:00.0,0.08,0.0,5094.3477,3376.465
2019-05-22 04:44:00.0,0.08,0.0,5094.3477,3376.465
2019-05-22 04:45:00.0,4.0,545.6327,5094.3477,3376.465
2019-05-22 04:46:00.0,9.93,545.64264,5094.3477,3376.465
2019-05-22 04:47:00.0,15.67,545.70374,5094.3477,3376.465
2019-05-22 04:48:00.0,21.77,545.6708,5094.348,3376.465
2019-05-22 04:49:00.0,29.59,545.69855,5094.3486,3376.465
2019-05-22 04:50:00.0,30.24,545.7068,5094.349,3376.465
2019-05-22 04:51:00.0,30.15,545.731,5094.3496,3376.465
2019-05-22 04:52:00.0,30.06,545.5907,5094.35,3376.465
2019-05-22 04:53:00.0,29.98,556.283,5094.3506,3376.465
2019-05-22 04:54:00.0,29.89,591.13794,5094.351,3376.465
2019-05-22 04:55:00.0,29.81,648.51245,5094.3516,3376.465
2019-05-22 04:56:00.0,29.73,749.644,5094.352,3376.465
2019-05-22 04:57:00.0,29.67,855.3609,5094.3525,3376.465
2019-05-22 04:58:00.0,29.62,1019.49243,5094.353,3376.465
2019-05-22 04:59:00.0,29.59,1305.4183,5094.3535,3376.465
2019-05-22 05:00:00.0,29.56,1611.7712,5094.354,3376.465
2019-05-22 05:01:00.0,29.54,1904.1855,5094.3545,3376.465
2019-05-22 05:02:00.0,29.52,2168.516,5094.355,3376.465
2019-05-22 05:03:00.0,29.5,2381.275,5094.3555,3376.465
2019-05-22 05:04:00.0,29.47,2492.2551,5094.356,3376.465
2019-05-22 05:05:00.0,29.43,2499.8647,5094.3564,3376.4656
2019-05-22 05:06:00.0,29.43,2499.863,5094.357,3376.466
2019-05-22 05:07:00.0,29.42,2499.861,5094.3574,3376.4666
2019-05-22 05:08:00.0,29.41,2499.861,5094.358,3376.467
2019-05-22 05:09:00.0,29.41,2499.864,5094.3584,3376.4675
2019-05-22 05:10:00.0,29.4,2499.8696,5094.359,3376.468
2019-05-22 05:11:00.0,29.4,2499.871,5094.3594,3376.4685
2019-05-22 05:12:00.0,0.03,0.0,5094.36,3376.469
2019-05-22 05:13:00.0,0.03,0.0,5094.36,3376.469
2019-05-22 05:14:00.0,0.04,0.0,5094.36,3376.469
2019-05-22 05:15:00.0,0.03,0.0,5094.36,3376.469
2019-05-22 05:16:00.0,0.03,0.0,5094.36,3376.469
2019-05-22 05:17:00.0,0.11,0.0,5094.36,3376.469
2019-05-22 05:18:00.0,0.14,0.0,5094.36,3376.469
2019-05-22 05:19:00.0,0.14,0.0,5094.36,3376.469
2019-05-22 05:20:00.0,0.13,0.0,5094.36,3376.469
2019-05-22 05:21:00.0,0.09,0.0,5094.36,3376.469
2019-05-22 05:22:00.0,0.06,0.0,5094.36,3376.469
2019-05-22 05:23:00.0,0.01,0.0,5094.36,3376.469
2019-05-22 05:24:00.0,0.07,0.0,5094.36,3376.469
2019-05-22 05:25:00.0,0.11,0.0,5094.36,3376.469
2019-05-22 05:26:00.0,0.14,0.0,5094.36,3376.469
2019-05-22 05:27:00.0,0.13,0.0,5094.36,3376.469
2019-05-22 05:28:00.0,0.09,0.0,5094.36,3376.469
2019-05-22 05:29:00.0,0.06,0.0,5094.36,3376.469
2019-05-22 05:30:00.0,0.02,0.0,5094.36,3376.469
2019-05-22 05:31:00.0,0.05,0.0,5094.36,3376.469
2019-05-22 05:32:00.0,0.11,0.0,5094.36,3376.469
2019-05-22 05:33:00.0,0.13,0.0,5094.36,3376.469
2019-05-22 05:34:00.0,0.13,0.0,5094.36,3376.469
2019-05-22 05:35:00.0,0.09,0.0,5094.36,3376.469
2019-05-22 05:36:00.0,0.07,0.0,5094.36,3376.469
2019-05-22 05:37:00.0,0.02,0.0,5094.36,3376.469
2019-05-22 05:38:00.0,0.04,0.0,5094.36,3376.469
2019-05-22 05:39:00.0,0.1,0.0,5094.36,3376.469
2019-05-22 05:40:00.0,0.13,0.0,5094.36,3376.469
2019-05-22 05:41:00.0,0.13,0.0,5094.36,3376.469
2019-05-22 05:42:00.0,0.1,0.0,5094.36,3376.469
2019-05-22 05:43:00.0,0.08,0.0,5094.36,3376.469
2019-05-22 05:44:00.0,0.09,0.0,5094.36,3376.469
2019-05-22 05:45:00.0,0.08,0.0,5094.36,3376.469
2019-05-22 05:46:00.0,0.08,0.0,5094.36,3376.469
2019-05-22 05:47:00.0,0.08,0.0,5094.36,3376.469
2019-05-22 05:48:00.0,0.09,0.0,5094.36,3376.469
2019-05-22 05:49:00.0,0.08,0.0,5094.36,3376.469
2019-05-22 05:50:00.0,0.08,0.0,5094.36,3376.469
2019-05-22 05:51:00.0,0.08,0.0,5094.36,3376.469
2019-05-22 05:52:00.0,0.09,0.0,5094.36,3376.469
2019-05-22 05:53:00.0,0.09,0.0,5094.36,3376.469
2019-05-22 05:54:00.0,0.08,0.0,5094.36,3376.469
2019-05-22 05:55:00.0,0.09,0.0,5094.36,3376.469
2019-05-22 05:56:00.0,0.09,0.0,5094.36,3376.469
2019-05-22 05:57:00.0,0.1,0.0,5094.36,3376.469
2019-05-22 05:58:00.0,2.72,545.61664,5094.36,3376.469
2019-05-22 05:59:00.0,8.71,545.70374,5094.36,3376.469
2019-05-22 06:00:00.0,14.59,545.7345,5094.3604,3376.469
2019-05-22 06:01:00.0,19.52,545.6548,5094.3604,3376.469
2019-05-22 06:02:00.0,26.43,545.57336,5094.361,3376.469
2019-05-22 06:03:00.0,27.26,545.65173,5094.3613,3376.469
2019-05-22 06:04:00.0,27.18,545.5075,5094.362,3376.469
2019-05-22 06:05:00.0,27.11,572.3077,5094.3623,3376.469
2019-05-22 06:06:00.0,27.03,612.18317,5094.363,3376.469
2019-05-22 06:07:00.0,26.96,693.6966,5094.3633,3376.469
2019-05-22 06:08:00.0,26.89,799.3431,5094.364,3376.469
2019-05-22 06:09:00.0,26.85,920.3559,5094.3643,3376.469
2019-05-22 06:10:00.0,26.81,1140.5532,5094.3647,3376.469
2019-05-22 06:11:00.0,26.78,1449.8123,5094.3647,3376.469
2019-05-22 06:12:00.0,26.77,1746.2004,5094.365,3376.469
2019-05-22 06:13:00.0,26.75,2032.2216,5094.3657,3376.469
2019-05-22 06:14:00.0,26.73,2277.859,5094.366,3376.469
2019-05-22 06:15:00.0,26.7,2443.894,5094.3667,3376.469
2019-05-22 06:16:00.0,26.66,2499.86,5094.367,3376.4692
2019-05-22 06:17:00.0,26.65,2499.8535,5094.3677,3376.4697
2019-05-22 06:18:00.0,26.64,2499.8638,5094.368,3376.4702
2019-05-22 06:19:00.0,26.63,2499.8552,5094.3687,3376.4707
2019-05-22 06:20:00.0,26.63,2499.8633,5094.369,3376.471
2019-05-22 06:21:00.0,26.62,2499.8704,5094.3696,3376.4714
2019-05-22 06:22:00.0,26.61,2499.859,5094.3696,3376.472
2019-05-22 06:23:00.0,26.61,2499.8718,5094.37,3376.4724
2019-05-22 06:24:00.0,26.6,2499.8682,5094.3706,3376.473
2019-05-22 06:25:00.0,26.59,2499.8733,5094.371,3376.4731
2019-05-22 06:26:00.0,26.59,2499.8762,5094.3716,3376.4736
2019-05-22 06:27:00.0,26.58,2499.8682,5094.372,3376.474
2019-05-22 06:28:00.0,0.06,0.0,5094.372,3376.474
2019-05-22 06:29:00.0,0.13,0.0,5094.372,3376.474
2019-05-22 06:30:00.0,0.14,0.0,5094.372,3376.474
2019-05-22 06:31:00.0,0.13,0.0,5094.372,3376.474
2019-05-22 06:32:00.0,0.1,0.0,5094.372,3376.474
2019-05-22 06:33:00.0,0.07,0.0,5094.372,3376.474
2019-05-22 06:34:00.0,0.03,0.0,5094.372,3376.474
2019-05-22 06:35:00.0,0.01,0.0,5094.372,3376.474
2019-05-22 06:36:00.0,0.1,0.0,5094.372,3376.474
2019-05-22 06:37:00.0,0.12,0.0,5094.372,3376.474
2019-05-22 06:38:00.0,0.13,0.0,5094.372,3376.474
2019-05-22 06:39:00.0,0.1,0.0,5094.372,3376.474
2019-05-22 06:40:00.0,0.08,0.0,5094.372,3376.474
2019-05-22 06:41:00.0,0.04,0.0,5094.372,3376.474
2019-05-22 06:42:00.0,0.0,0.0,5094.372,3376.474
2019-05-22 06:43:00.0,0.09,0.0,5094.372,3376.474
2019-05-22 06:44:00.0,0.12,0.0,5094.372,3376.474
2019-05-22 06:45:00.0,0.13,0.0,5094.372,3376.474
2019-05-22 06:46:00.0,0.12,0.0,5094.372,3376.474
2019-05-22 06:47:00.0,0.08,0.0,5094.372,3376.474
2019-05-22 06:48:00.0,0.05,0.0,5094.372,3376.474
2019-05-22 06:49:00.0,0.0,0.0,5094.372,3376.474
2019-05-22 06:50:00.0,0.09,0.0,5094.372,3376.474
2019-05-22 06:51:00.0,0.11,0.0,5094.372,3376.474
2019-05-22 06:52:00.0,0.13,0.0,5094.372,3376.474
2019-05-22 06:53:00.0,0.12,0.0,5094.372,3376.474
2019-05-22 06:54:00.0,0.09,0.0,5094.372,3376.474
2019-05-22 06:55:00.0,0.09,0.0,5094.372,3376.474
2019-05-22 06:56:00.0,0.09,0.0,5094.372,3376.474
2019-05-22 06:57:00.0,0.09,0.0,5094.372,3376.474
2019-05-22 06:58:00.0,0.08,0.0,5094.372,3376.474
2019-05-22 06:59:00.0,0.09,0.0,5094.372,3376.474
2019-05-22 07:00:00.0,0.09,0.0,5094.372,3376.474
2019-05-22 07:01:00.0,0.09,0.0,5094.372,3376.474
2019-05-22 07:02:00.0,0.09,0.0,5094.372,3376.474
2019-05-22 07:03:00.0,0.08,0.0,5094.372,3376.474
2019-05-22 07:04:00.0,0.09,0.0,5094.372,3376.474
2019-05-22 07:05:00.0,0.09,0.0,5094.372,3376.474
2019-05-22 07:06:00.0,0.09,0.0,5094.372,3376.474
2019-05-22 07:07:00.0,0.08,0.0,5094.372,3376.474
2019-05-22 07:08:00.0,0.08,0.0,5094.372,3376.474
2019-05-22 07:09:00.0,0.09,0.0,5094.372,3376.474
2019-05-22 07:10:00.0,0.09,0.0,5094.372,3376.474
2019-05-22 07:11:00.0,0.09,0.0,5094.372,3376.474
2019-05-22 07:12:00.0,0.09,0.0,5094.372,3376.474
2019-05-22 07:13:00.0,0.09,0.0,5094.372,3376.474
2019-05-22 07:14:00.0,0.08,0.0,5094.372,3376.474
2019-05-22 07:15:00.0,0.09,0.0,5094.372,3376.474
2019-05-22 07:16:00.0,0.08,0.0,5094.372,3376.474
2019-05-22 07:17:00.0,0.11,0.0,5094.372,3376.474
2019-05-22 07:18:00.0,0.12,0.0,5094.372,3376.474
2019-05-22 07:19:00.0,0.09,0.0,5094.372,3376.474
2019-05-22 07:20:00.0,0.05,0.0,5094.372,3376.474
2019-05-22 07:21:00.0,0.0,0.0,5094.372,3376.474
2019-05-22 07:22:00.0,0.08,0.0,5094.372,3376.474
2019-05-22 07:23:00.0,0.12,0.0,5094.372,3376.474
2019-05-22 07:24:00.0,0.13,0.0,5094.372,3376.474
2019-05-22 07:25:00.0,0.13,0.0,5094.372,3376.474
2019-05-22 07:26:00.0,0.09,0.0,5094.372,3376.474
2019-05-22 07:27:00.0,0.06,0.0,5094.372,3376.474
2019-05-22 07:28:00.0,0.02,0.0,5094.372,3376.474
2019-05-22 07:29:00.0,0.06,0.0,5094.372,3376.474
2019-05-22 07:30:00.0,0.11,0.0,5094.372,3376.474
2019-05-22 07:31:00.0,0.14,0.0,5094.372,3376.474
2019-05-22 07:32:00.0,0.14,0.0,5094.372,3376.474
2019-05-22 07:33:00.0,0.09,0.0,5094.372,3376.474
2019-05-22 07:34:00.0,0.07,0.0,5094.372,3376.474
2019-05-22 07:35:00.0,0.02,0.0,5094.372,3376.474
2019-05-22 07:36:00.0,0.05,0.0,5094.372,3376.474
2019-05-22 07:37:00.0,0.11,0.0,5094.372,3376.474
2019-05-22 07:38:00.0,0.13,0.0,5094.372,3376.474
2019-05-22 07:39:00.0,0.13,0.0,5094.372,3376.474
2019-05-22 07:40:00.0,0.1,0.0,5094.372,3376.474
2019-05-22 07:41:00.0,0.08,0.0,5094.372,3376.474
2019-05-22 07:42:00.0,0.09,0.0,5094.372,3376.474
2019-05-22 07:43:00.0,0.09,0.0,5094.372,3376.474
2019-05-22 07:44:00.0,0.08,0.0,5094.372,3376.474
2019-05-22 07:45:00.0,0.08,0.0,5094.372,3376.474
2019-05-22 07:46:00.0,0.09,0.0,5094.372,3376.474
2019-05-22 07:47:00.0,0.09,0.0,5094.372,3376.474
2019-05-22 07:48:00.0,4.57,545.6444,5094.372,3376.474
2019-05-22 07:49:00.0,10.92,545.6513,5094.3726,3376.474
2019-05-22 07:50:00.0,19.18,545.6409,5094.3726,3376.474
2019-05-22 07:51:00.0,27.59,545.6587,5094.373,3376.474
2019-05-22 07:52:00.0,36.49,545.6496,5094.3735,3376.474
2019-05-22 07:53:00.0,45.1,545.6531,5094.374,3376.474
2019-05-22 07:54:00.0,55.47,545.63574,5094.375,3376.474
2019-05-22 07:55:00.0,64.03,545.64825,5094.376,3376.474
2019-05-22 07:56:00.0,73.48,545.64264,5094.3774,3376.474
2019-05-22 07:57:00.0,83.51,545.6461,5094.3784,3376.474
2019-05-22 07:58:00.0,92.65,545.6444,5094.38,3376.474
2019-05-22 07:59:00.0,101.99,545.6461,5094.382,3376.474
2019-05-22 08:00:00.0,108.17,545.6552,5094.3833,3376.474
2019-05-22 08:01:00.0,115.89,545.6565,5094.3853,3376.474
2019-05-22 08:02:00.0,123.63,545.6496,5094.387,3376.474
2019-05-22 08:03:00.0,131.38,545.64136,5094.389,3376.474
2019-05-22 08:04:00.0,138.8,545.64264,5094.3916,3376.474
2019-05-22 08:05:00.0,146.4,545.6569,5094.394,3376.474
2019-05-22 08:06:00.0,151.6,545.6409,5094.3965,3376.474
2019-05-22 08:07:00.0,150.64,545.686,5094.399,3376.474
2019-05-22 08:08:00.0,150.18,545.4594,5094.4014,3376.474
2019-05-22 08:09:00.0,149.51,545.7137,5094.404,3376.474
2019-05-22 08:10:00.0,148.85,545.59454,5094.4062,3376.474
2019-05-22 08:11:00.0,148.12,566.35516,5094.409,3376.474
2019-05-22 08:12:00.0,146.81,600.678,5094.4116,3376.474
2019-05-22 08:13:00.0,144.93,675.0872,5094.414,3376.474
2019-05-22 08:14:00.0,141.13,780.4798,5094.416,3376.474
2019-05-22 08:15:00.0,66.12,890.15735,5094.4185,3376.474
2019-05-22 08:16:00.0,66.02,1090.4451,5094.4194,3376.474
2019-05-22 08:17:00.0,65.93,1396.0051,5094.4204,3376.474
2019-05-22 08:18:00.0,65.84,1699.3219,5094.422,3376.474
2019-05-22 08:19:00.0,65.78,1985.064,5094.423,3376.474
2019-05-22 08:20:00.0,65.73,2238.2292,5094.424,3376.474
2019-05-22 08:21:00.0,65.69,2422.2224,5094.425,3376.474
2019-05-22 08:22:00.0,65.62,2499.8145,5094.4263,3376.4746
2019-05-22 08:23:00.0,65.6,2499.881,5094.4272,3376.4756
2019-05-22 08:24:00.0,65.57,2499.8748,5094.428,3376.4768
2019-05-22 08:25:00.0,65.54,2499.876,5094.429,3376.4778
2019-05-22 08:26:00.0,65.52,2499.8733,5094.4307,3376.479
2019-05-22 08:27:00.0,65.49,2499.8872,5094.4316,3376.48
2019-05-22 08:28:00.0,65.47,2499.871,5094.4326,3376.481
2019-05-22 08:29:00.0,65.44,2499.888,5094.4336,3376.4822
2019-05-22 08:30:00.0,20.83,2499.8726,5094.4346,3376.483
2019-05-22 08:31:00.0,0.07,0.0,5094.4346,3376.483
2019-05-22 08:32:00.0,0.13,0.0,5094.4346,3376.483
2019-05-22 08:33:00.0,0.13,0.0,5094.4346,3376.483
2019-05-22 08:34:00.0,0.13,0.0,5094.4346,3376.483
2019-05-22 08:35:00.0,0.1,0.0,5094.4346,3376.483
2019-05-22 08:36:00.0,0.07,0.0,5094.4346,3376.483
2019-05-22 08:37:00.0,0.03,0.0,5094.4346,3376.483
2019-05-22 08:38:00.0,0.02,0.0,5094.4346,3376.483
2019-05-22 08:39:00.0,0.11,0.0,5094.4346,3376.483
2019-05-22 08:40:00.0,0.13,0.0,5094.4346,3376.483
2019-05-22 08:41:00.0,0.13,0.0,5094.4346,3376.483
2019-05-22 08:42:00.0,0.11,0.0,5094.4346,3376.483
2019-05-22 08:43:00.0,0.08,0.0,5094.4346,3376.483
2019-05-22 08:44:00.0,0.04,0.0,5094.4346,3376.483
2019-05-22 08:45:00.0,0.0,0.0,5094.4346,3376.483
2019-05-22 08:46:00.0,0.1,0.0,5094.4346,3376.483
2019-05-22 08:47:00.0,0.12,0.0,5094.4346,3376.483
2019-05-22 08:48:00.0,0.13,0.0,5094.4346,3376.483
2019-05-22 08:49:00.0,0.11,0.0,5094.4346,3376.483
2019-05-22 08:50:00.0,0.08,0.0,5094.4346,3376.483
2019-05-22 08:51:00.0,0.04,0.0,5094.4346,3376.483
2019-05-22 08:52:00.0,0.01,0.0,5094.4346,3376.483
2019-05-22 08:53:00.0,0.09,0.0,5094.4346,3376.483
2019-05-22 08:54:00.0,0.12,0.0,5094.4346,3376.483
2019-05-22 08:55:00.0,0.13,0.0,5094.4346,3376.483
2019-05-22 08:56:00.0,0.12,0.0,5094.4346,3376.483
2019-05-22 08:57:00.0,0.09,0.0,5094.4346,3376.483
2019-05-22 08:58:00.0,0.09,0.0,5094.4346,3376.483
2019-05-22 08:59:00.0,0.09,0.0,5094.4346,3376.483
2019-05-22 09:00:00.0,0.09,0.0,5094.4346,3376.483
2019-05-22 09:01:00.0,0.09,0.0,5094.4346,3376.483
2019-05-22 09:02:00.0,0.09,0.0,5094.4346,3376.483
2019-05-22 09:03:00.0,0.09,0.0,5094.4346,3376.483
2019-05-22 09:04:00.0,0.09,0.0,5094.4346,3376.483
2019-05-22 09:05:00.0,0.09,0.0,5094.4346,3376.483
2019-05-22 09:06:00.0,0.09,0.0,5094.4346,3376.483
2019-05-22 09:07:00.0,0.09,0.0,5094.4346,3376.483
2019-05-22 09:08:00.0,0.09,0.0,5094.4346,3376.483
2019-05-22 09:09:00.0,8.52,545.5941,5094.4346,3376.483
2019-05-22 09:10:00.0,16.66,545.5998,5094.435,3376.483
2019-05-22 09:11:00.0,25.75,545.61017,5094.435,3376.483
2019-05-22 09:12:00.0,34.03,545.6032,5094.4355,3376.483
2019-05-22 09:13:00.0,41.81,545.6032,5094.4365,3376.483
2019-05-22 09:14:00.0,51.09,545.608,5094.437,3376.483
2019-05-22 09:15:00.0,61.51,545.605,5094.438,3376.483
2019-05-22 09:16:00.0,71.49,545.60846,5094.4395,3376.483
2019-05-22 09:17:00.0,79.1,545.61664,5094.4404,3376.483
2019-05-22 09:18:00.0,86.18,545.5998,5094.442,3376.483
2019-05-22 09:19:00.0,93.87,545.61536,5094.4434,3376.483
2019-05-22 09:20:00.0,100.16,545.61884,5094.445,3376.483
2019-05-22 09:21:00.0,108.16,545.60846,5094.447,3376.483
2019-05-22 09:22:00.0,114.95,545.60974,5094.4487,3376.483
2019-05-22 09:23:00.0,119.63,545.5993,5094.4507,3376.483
2019-05-22 09:24:00.0,126.74,545.60626,5094.4526,3376.483
2019-05-22 09:25:00.0,134.55,545.5998,5094.4546,3376.483
2019-05-22 09:26:00.0,141.85,545.6028,5094.457,3376.483
2019-05-22 09:27:00.0,148.55,545.6067,5094.4595,3376.483
2019-05-22 09:28:00.0,152.32,545.6011,5094.462,3376.483
2019-05-22 09:29:00.0,154.27,545.61017,5094.465,3376.483
2019-05-22 09:30:00.0,131.15,545.598,5094.467,3376.483
2019-05-22 09:31:00.0,137.8,545.60626,5094.469,3376.483
2019-05-22 09:32:00.0,145.01,545.60626,5094.4717,3376.483
2019-05-22 09:33:00.0,148.3,545.605,5094.474,3376.483
2019-05-22 09:34:00.0,150.19,545.6028,5094.4766,3376.483
2019-05-22 09:35:00.0,150.65,545.60974,5094.479,3376.483
2019-05-22 09:36:00.0,152.71,545.60626,5094.4814,3376.483
2019-05-22 09:37:00.0,153.7,545.60455,5094.4844,3376.483
2019-05-22 09:38:00.0,155.61,545.5993,5094.487,3376.483
2019-05-22 09:39:00.0,159.09,545.60846,5094.4893,3376.483
2019-05-22 09:40:00.0,158.27,545.5907,5094.492,3376.483
2019-05-22 09:41:00.0,160.02,545.605,5094.4946,3376.483
2019-05-22 09:42:00.0,164.4,545.61145,5094.4976,3376.483
2019-05-22 09:43:00.0,169.3,545.6201,5094.5,3376.483
2019-05-22 09:44:00.0,169.91,545.61017,5094.503,3376.483
2019-05-22 09:45:00.0,167.83,545.6032,5094.506,3376.483
2019-05-22 09:46:00.0,165.29,545.6149,5094.5083,3376.483
2019-05-22 09:47:00.0,163.82,545.5993,5094.511,3376.483
2019-05-22 09:48:00.0,161.21,545.60455,5094.514,3376.483
2019-05-22 09:49:00.0,155.29,545.61707,5094.5166,3376.483
2019-05-22 09:50:00.0,153.44,545.608,5094.519,3376.483
2019-05-22 09:51:00.0,151.75,545.6132,5094.522,3376.483
2019-05-22 09:52:00.0,150.38,545.60974,5094.5244,3376.483
2019-05-22 09:53:00.0,149.26,545.6032,5094.527,3376.483
2019-05-22 09:54:00.0,148.52,545.62054,5094.5293,3376.483
2019-05-22 09:55:00.0,148.09,545.6028,5094.5317,3376.483
2019-05-22 09:56:00.0,147.31,545.60455,5094.534,3376.483
2019-05-22 09:57:00.0,146.82,545.59454,5094.5366,3376.483
2019-05-22 09:58:00.0,146.4,545.6223,5094.539,3376.483
2019-05-22 09:59:00.0,145.95,545.624,5094.5415,3376.483
2019-05-22 10:00:00.0,145.57,545.6149,5094.544,3376.483
2019-05-22 10:01:00.0,145.14,545.60626,5094.5464,3376.483
2019-05-22 10:02:00.0,144.72,545.60974,5094.549,3376.483
2019-05-22 10:03:00.0,144.3,545.6236,5094.5513,3376.483
2019-05-22 10:04:00.0,143.88,545.608,5094.5537,3376.483
2019-05-22 10:05:00.0,143.5,545.605,5094.556,3376.483
2019-05-22 10:06:00.0,143.05,545.60846,5094.5586,3376.483
2019-05-22 10:07:00.0,146.3,545.598,5094.5605,3376.483
2019-05-22 10:08:00.0,152.09,545.60974,5094.5635,3376.483
2019-05-22 10:09:00.0,156.42,545.61145,5094.566,3376.483
2019-05-22 10:10:00.0,155.26,545.5699,5094.5684,3376.483
2019-05-22 10:11:00.0,153.64,545.47504,5094.571,3376.483
2019-05-22 10:12:00.0,152.57,545.5889,5094.5737,3376.483
2019-05-22 10:13:00.0,151.52,545.63916,5094.576,3376.483
2019-05-22 10:14:00.0,150.48,545.62054,5094.5786,3376.483
2019-05-22 10:15:00.0,149.89,545.5495,5094.581,3376.483
2019-05-22 10:16:00.0,148.99,545.78516,5094.5835,3376.483
2019-05-22 10:17:00.0,148.46,575.0102,5094.586,3376.483
2019-05-22 10:18:00.0,147.08,575.1886,5094.5884,3376.483
2019-05-22 10:19:00.0,127.93,575.25964,5094.591,3376.483
2019-05-22 10:20:00.0,127.5,575.2133,5094.5933,3376.483
2019-05-22 10:21:00.0,126.82,575.241,5094.595,3376.483
2019-05-22 10:22:00.0,126.38,575.24927,5094.597,3376.483
2019-05-22 10:23:00.0,125.95,575.2164,5094.5996,3376.483
2019-05-22 10:24:00.0,125.46,575.3138,5094.6016,3376.483
2019-05-22 10:25:00.0,124.97,575.2081,5094.6035,3376.483
2019-05-22 10:26:00.0,124.56,575.23584,5094.6055,3376.483
2019-05-22 10:27:00.0,124.1,575.2441,5094.608,3376.483
2019-05-22 10:28:00.0,123.66,575.1886,5094.61,3376.483
2019-05-22 10:29:00.0,123.2,575.3034,5094.612,3376.483
2019-05-22 10:30:00.0,122.79,575.3012,5094.614,3376.483
2019-05-22 10:31:00.0,122.32,575.3155,5094.616,3376.483
2019-05-22 10:32:00.0,121.87,575.3051,5094.618,3376.483
2019-05-22 10:33:00.0,121.45,575.3012,5094.62,3376.483
2019-05-22 10:34:00.0,121.03,575.29474,5094.622,3376.483
2019-05-22 10:35:00.0,120.59,575.2995,5094.624,3376.483
2019-05-22 10:36:00.0,120.16,575.3012,5094.626,3376.483
2019-05-22 10:37:00.0,119.74,575.3103,5094.628,3376.483
2019-05-22 10:38:00.0,119.31,575.2982,5094.63,3376.483
2019-05-22 10:39:00.0,118.87,575.3086,5094.632,3376.483
2019-05-22 10:40:00.0,118.44,575.2995,5094.6343,3376.483
2019-05-22 10:41:00.0,118.01,575.3012,5094.636,3376.483
2019-05-22 10:42:00.0,117.31,575.3064,5094.638,3376.483
2019-05-22 10:43:00.0,116.9,575.3086,5094.64,3376.483
2019-05-22 10:44:00.0,116.5,575.28735,5094.642,3376.483
2019-05-22 10:45:00.0,115.82,575.2995,5094.644,3376.483
2019-05-22 10:46:00.0,115.4,575.3047,5094.6455,3376.483
2019-05-22 10:47:00.0,114.96,575.29645,5094.6475,3376.483
2019-05-22 10:48:00.0,114.55,575.30164,5094.6494,3376.483
2019-05-22 10:49:00.0,113.82,575.29126,5094.6514,3376.483
2019-05-22 10:50:00.0,113.42,575.2995,5094.6533,3376.483
2019-05-22 10:51:00.0,113.04,575.296,5094.6553,3376.483
2019-05-22 10:52:00.0,112.63,575.3069,5094.657,3376.483
2019-05-22 10:53:00.0,112.28,575.2982,5094.659,3376.483
2019-05-22 10:54:00.0,111.85,575.296,5094.6606,3376.483
2019-05-22 10:55:00.0,111.45,575.30817,5094.6626,3376.483
2019-05-22 10:56:00.0,111.07,575.29645,5094.6646,3376.483
2019-05-22 10:57:00.0,110.72,575.2999,5094.6665,3376.483
2019-05-22 10:58:00.0,110.37,575.3069,5094.6685,3376.483
2019-05-22 10:59:00.0,109.96,575.3012,5094.67,3376.483
2019-05-22 11:00:00.0,109.59,575.2982,5094.672,3376.483
2019-05-22 11:01:00.0,109.21,575.2999,5094.674,3376.483
2019-05-22 11:02:00.0,108.83,604.8886,5094.676,3376.483
2019-05-22 11:03:00.0,108.51,682.51544,5094.6772,3376.483
2019-05-22 11:04:00.0,108.29,788.19745,5094.679,3376.483
2019-05-22 11:05:00.0,108.08,902.53827,5094.681,3376.483
2019-05-22 11:06:00.0,107.9,1108.1171,5094.6826,3376.483
2019-05-22 11:07:00.0,107.8,1418.2941,5094.6846,3376.483
2019-05-22 11:08:00.0,107.7,1725.5398,5094.6865,3376.483
2019-05-22 11:09:00.0,107.64,2009.2517,5094.688,3376.483
2019-05-22 11:10:00.0,107.55,2258.7446,5094.69,3376.483
2019-05-22 11:11:00.0,107.5,2435.2976,5094.692,3376.483
2019-05-22 11:12:00.0,107.39,2499.8777,5094.6934,3376.484
2019-05-22 11:13:00.0,107.35,2499.8828,5094.6953,3376.4856
2019-05-22 11:14:00.0,107.24,2499.8843,5094.6973,3376.4873
2019-05-22 11:15:00.0,107.19,2499.884,5094.6987,3376.4893
2019-05-22 11:16:00.0,107.16,2499.88,5094.7007,3376.491
2019-05-22 11:17:00.0,107.04,2499.898,5094.7026,3376.4927
2019-05-22 11:18:00.0,107.0,2499.89,5094.704,3376.4946
2019-05-22 11:19:00.0,106.92,2499.876,5094.706,3376.4963
2019-05-22 11:20:00.0,106.89,2499.89,5094.708,3376.498
2019-05-22 11:21:00.0,106.78,2499.8972,5094.7095,3376.4998
2019-05-22 11:22:00.0,106.77,2499.9045,5094.7114,3376.5017
2019-05-22 11:23:00.0,106.71,2499.8987,5094.7134,3376.5034
2019-05-22 11:24:00.0,106.66,2499.8965,5094.715,3376.5051
2019-05-22 11:25:00.0,106.63,2499.901,5094.717,3376.507
2019-05-22 11:26:00.0,106.57,2499.898,5094.7188,3376.5088
2019-05-22 11:27:00.0,106.52,2499.8862,5094.72,3376.5105
2019-05-22 11:28:00.0,106.51,2499.8965,5094.722,3376.5122
2019-05-22 11:29:00.0,106.46,2499.8894,5094.7236,3376.5142
2019-05-22 11:30:00.0,106.43,2499.89,5094.7256,3376.5159
2019-05-22 11:31:00.0,106.4,2499.8965,5094.7275,3376.5176
2019-05-22 11:32:00.0,106.36,2499.8965,5094.729,3376.5193
2019-05-22 11:33:00.0,106.26,2499.8784,5094.731,3376.5212
2019-05-22 11:34:00.0,106.22,2499.8928,5094.733,3376.523
2019-05-22 11:35:00.0,106.19,2499.8901,5094.7344,3376.5247
2019-05-22 11:36:00.0,106.16,2499.8909,5094.7363,3376.5264
2019-05-22 11:37:00.0,106.11,2499.884,5094.738,3376.5283
2019-05-22 11:38:00.0,106.07,2499.887,5094.7397,3376.53
2019-05-22 11:39:00.0,106.05,2499.903,5094.7417,3376.5317
2019-05-22 11:40:00.0,105.99,2499.8796,5094.743,3376.5334
2019-05-22 11:41:00.0,105.96,2499.8843,5094.745,3376.5354
2019-05-22 11:42:00.0,105.94,2499.8906,5094.747,3376.537
2019-05-22 11:43:00.0,105.91,2499.877,5094.7485,3376.5388
2019-05-22 11:44:00.0,105.87,2499.876,5094.7505,3376.5405
2019-05-22 11:45:00.0,105.81,2499.8806,5094.752,3376.5425
2019-05-22 11:46:00.0,105.79,2499.8782,5094.754,3376.5442
2019-05-22 11:47:00.0,105.75,2499.8762,5094.756,3376.546
2019-05-22 11:48:00.0,105.7,2499.8958,5094.7573,3376.5476
2019-05-22 11:49:00.0,105.67,2499.8965,5094.7593,3376.5493
2019-05-22 11:50:00.0,105.62,2499.885,5094.7607,3376.5513
2019-05-22 11:51:00.0,105.59,2499.8696,5094.7627,3376.553
2019-05-22 11:52:00.0,105.56,2499.895,5094.7646,3376.5547
2019-05-22 11:53:00.0,105.53,2499.8938,5094.766,3376.5564
2019-05-22 11:54:00.0,105.49,2499.8855,5094.768,3376.5583
2019-05-22 11:55:00.0,105.44,2499.887,5094.7695,3376.56
2019-05-22 11:56:00.0,105.42,2499.8862,5094.7715,3376.5618
2019-05-22 11:57:00.0,105.38,2499.8796,5094.7734,3376.5635
2019-05-22 11:58:00.0,105.33,2499.882,5094.775,3376.5652
2019-05-22 11:59:00.0,105.29,2499.8965,5094.777,3376.5671
2019-05-22 12:00:00.0,105.29,2499.8945,5094.7783,3376.5688
2019-05-22 12:01:00.0,105.24,2499.898,5094.7803,3376.5706
2019-05-22 12:02:00.0,105.21,2499.8965,5094.782,3376.5723
2019-05-22 12:03:00.0,105.18,2499.8782,5094.7837,3376.574
2019-05-22 12:04:00.0,105.18,2499.8833,5094.7856,3376.5757
2019-05-22 12:05:00.0,105.13,2499.893,5094.787,3376.5776
2019-05-22 12:06:00.0,105.07,2499.8945,5094.789,3376.5793
2019-05-22 12:07:00.0,105.04,2499.8872,5094.791,3376.581
2019-05-22 12:08:00.0,105.01,2499.8872,5094.7925,3376.5828
2019-05-22 12:09:00.0,104.97,2499.9119,5094.7944,3376.5845
2019-05-22 12:10:00.0,104.95,2499.8833,5094.796,3376.5862
2019-05-22 12:11:00.0,104.91,2499.8833,5094.798,3376.5881
2019-05-22 12:12:00.0,104.86,2499.885,5094.7993,3376.5898
2019-05-22 12:13:00.0,104.83,2499.8762,5094.8013,3376.5916
2019-05-22 12:14:00.0,104.8,2499.8914,5094.803,3376.5933
2019-05-22 12:15:00.0,104.78,2499.8928,5094.8047,3376.595
2019-05-22 12:16:00.0,104.74,2499.8818,5094.8066,3376.5967
2019-05-22 12:17:00.0,104.72,2499.8862,5094.808,3376.5986
2019-05-22 12:18:00.0,104.72,2499.8848,5094.81,3376.6003
2019-05-22 12:19:00.0,104.68,2499.8862,5094.812,3376.602
2019-05-22 12:20:00.0,104.63,2499.885,5094.8135,3376.6038
2019-05-22 12:21:00.0,104.55,2499.8865,5094.8154,3376.6055
2019-05-22 12:22:00.0,104.54,2499.8862,5094.817,3376.6072
2019-05-22 12:23:00.0,104.51,2499.8796,5094.819,3376.609
2019-05-22 12:24:00.0,104.46,2499.8958,5094.8203,3376.6108
2019-05-22 12:25:00.0,104.45,2499.885,5094.8223,3376.6125
2019-05-22 12:26:00.0,104.42,2499.877,5094.8237,3376.6143
2019-05-22 12:27:00.0,104.37,2499.901,5094.8257,3376.616
2019-05-22 12:28:00.0,104.34,2499.8828,5094.8276,3376.6177
2019-05-22 12:29:00.0,104.3,2499.8843,5094.829,3376.6194
2019-05-22 12:30:00.0,104.28,2499.8938,5094.831,3376.621
2019-05-22 12:31:00.0,104.26,2499.8796,5094.8325,3376.6228
2019-05-22 12:32:00.0,104.22,2499.884,5094.8345,3376.6248
2019-05-22 12:33:00.0,104.22,2499.8906,5094.836,3376.6265
2019-05-22 12:34:00.0,104.2,2499.8884,5094.838,3376.6282
2019-05-22 12:35:00.0,104.11,2499.8906,5094.84,3376.63
2019-05-22 12:36:00.0,104.08,2499.8887,5094.8413,3376.6316
2019-05-22 12:37:00.0,104.05,2499.881,5094.8433,3376.6333
2019-05-22 12:38:00.0,104.02,2499.8855,5094.8447,3376.635
2019-05-22 12:39:00.0,103.99,2499.8958,5094.8467,3376.6367
2019-05-22 12:40:00.0,103.96,2499.89,5094.848,3376.6384
2019-05-22 12:41:00.0,103.94,2499.8752,5094.85,3376.6401
2019-05-22 12:42:00.0,103.9,2499.885,5094.8516,3376.642
2019-05-22 12:43:00.0,103.87,2499.893,5094.8535,3376.6438
2019-05-22 12:44:00.0,103.82,2499.882,5094.855,3376.6455
2019-05-22 12:45:00.0,103.81,2499.893,5094.857,3376.6472
2019-05-22 12:46:00.0,103.76,2499.8872,5094.859,3376.649
2019-05-22 12:47:00.0,103.73,2499.8936,5094.8604,3376.6506
2019-05-22 12:48:00.0,103.72,2499.882,5094.8623,3376.6523
2019-05-22 12:49:00.0,103.7,2499.8862,5094.864,3376.654
2019-05-22 12:50:00.0,103.67,2499.8784,5094.8657,3376.6558
2019-05-22 12:51:00.0,103.62,2499.8887,5094.867,3376.6575
2019-05-22 12:52:00.0,103.61,2499.8826,5094.869,3376.6592
2019-05-22 12:53:00.0,103.56,2499.871,5094.8706,3376.661
2019-05-22 12:54:00.0,103.55,2499.8704,5094.8726,3376.6628
2019-05-22 12:55:00.0,103.5,2499.8826,5094.874,3376.6646
2019-05-22 12:56:00.0,103.49,2499.8677,5094.876,3376.6663
2019-05-22 12:57:00.0,103.46,2499.8696,5094.8774,3376.668
2019-05-22 12:58:00.0,103.41,2499.895,5094.8794,3376.6697
2019-05-22 12:59:00.0,103.4,2499.8748,5094.8813,3376.6714
2019-05-22 13:00:00.0,103.33,2499.8857,5094.883,3376.673
2019-05-22 13:01:00.0,103.27,2499.8848,5094.885,3376.6748
2019-05-22 13:02:00.0,103.26,2499.8965,5094.886,3376.6765
2019-05-22 13:03:00.0,103.26,2499.8894,5094.888,3376.6782
2019-05-22 13:04:00.0,103.23,2499.8909,5094.8896,3376.68
2019-05-22 13:05:00.0,103.18,2499.8894,5094.8916,3376.6816
2019-05-22 13:06:00.0,103.15,2499.8892,5094.893,3376.6833
2019-05-22 13:07:00.0,103.14,2499.8901,5094.895,3376.685
2019-05-22 13:08:00.0,103.09,2499.8796,5094.8965,3376.6868
2019-05-22 13:09:00.0,103.07,2499.8818,5094.8984,3376.6885
2019-05-22 13:10:00.0,103.04,2499.8958,5094.9,3376.6902
2019-05-22 13:11:00.0,103.01,2499.8667,5094.902,3376.692
2019-05-22 13:12:00.0,103.0,2499.8647,5094.9033,3376.6936
2019-05-22 13:13:00.0,102.97,2499.8774,5094.9053,3376.6953
2019-05-22 13:14:00.0,102.92,2499.8906,5094.9067,3376.697
2019-05-22 13:15:00.0,102.89,2499.8884,5094.9087,3376.6987
2019-05-22 13:16:00.0,102.86,2499.8777,5094.91,3376.7004
2019-05-22 13:17:00.0,102.8,2499.8965,5094.912,3376.7024
2019-05-22 13:18:00.0,102.78,2499.8936,5094.9136,3376.704
2019-05-22 13:19:00.0,102.75,2499.8604,5094.9155,3376.7058
2019-05-22 13:20:00.0,102.74,2499.8796,5094.917,3376.7075
2019-05-22 13:21:00.0,102.71,2499.8965,5094.919,3376.7092
2019-05-22 13:22:00.0,102.66,2499.8718,5094.9204,3376.711
2019-05-22 13:23:00.0,102.65,2499.8804,5094.9224,3376.7126
2019-05-22 13:24:00.0,102.6,2499.8833,5094.924,3376.7144
2019-05-22 13:25:00.0,102.56,2499.884,5094.926,3376.716
2019-05-22 13:26:00.0,102.51,2499.8887,5094.9272,3376.7178
2019-05-22 13:27:00.0,102.51,2499.8848,5094.929,3376.7195
2019-05-22 13:28:00.0,102.48,2499.8784,5094.9307,3376.7212
2019-05-22 13:29:00.0,102.45,2499.8726,5094.9326,3376.723
2019-05-22 13:30:00.0,102.4,2499.8718,5094.934,3376.7246
2019-05-22 13:31:00.0,102.37,2499.8748,5094.936,3376.7263
2019-05-22 13:32:00.0,102.37,2499.874,5094.9375,3376.728
2019-05-22 13:33:00.0,102.3,2499.8784,5094.9395,3376.7297
2019-05-22 13:34:00.0,102.27,2499.8857,5094.941,3376.7314
2019-05-22 13:35:00.0,102.27,2499.876,5094.943,3376.7332
2019-05-22 13:36:00.0,102.25,2499.8865,5094.9443,3376.7349
2019-05-22 13:37:00.0,102.22,2499.8901,5094.9463,3376.7363
2019-05-22 13:38:00.0,102.19,2499.8618,5094.9478,3376.738
2019-05-22 13:39:00.0,102.16,2499.8894,5094.9497,3376.7397
2019-05-22 13:40:00.0,102.13,2499.879,5094.951,3376.7415
2019-05-22 13:41:00.0,102.11,2499.8818,5094.953,3376.7432
2019-05-22 13:42:00.0,102.08,2499.8796,5094.9546,3376.7449
2019-05-22 13:43:00.0,102.05,2499.8616,5094.9565,3376.7466
2019-05-22 13:44:00.0,102.02,2499.8662,5094.958,3376.7483
2019-05-22 13:45:00.0,101.99,2499.874,5094.96,3376.75
2019-05-22 13:46:00.0,101.96,2499.8792,5094.9614,3376.7517
2019-05-22 13:47:00.0,101.93,2499.877,5094.9634,3376.7534
2019-05-22 13:48:00.0,101.88,2499.864,5094.965,3376.7551
2019-05-22 13:49:00.0,101.87,2499.8645,5094.967,3376.7568
2019-05-22 13:50:00.0,101.79,2499.89,5094.9683,3376.7585
2019-05-22 13:51:00.0,101.79,2499.8752,5094.97,3376.7603
2019-05-22 13:52:00.0,101.76,2499.8923,5094.9717,3376.762
2019-05-22 13:53:00.0,101.75,2499.8662,5094.9736,3376.7637
2019-05-22 13:54:00.0,101.73,2499.8718,5094.975,3376.7654
2019-05-22 13:55:00.0,101.69,2499.871,5094.9766,3376.767
2019-05-22 13:56:00.0,101.66,2499.8828,5094.9785,3376.7688
2019-05-22 13:57:00.0,101.58,2499.8726,5094.98,3376.7705
2019-05-22 13:58:00.0,101.56,2499.885,5094.982,3376.7722
2019-05-22 13:59:00.0,101.53,2499.867,5094.9834,3376.774
2019-05-22 14:00:00.0,101.52,2499.8674,5094.9854,3376.7754
2019-05-22 14:01:00.0,101.5,2499.8777,5094.987,3376.777
2019-05-22 14:02:00.0,101.46,2499.8733,5094.989,3376.7788
2019-05-22 14:03:00.0,101.46,2499.8696,5094.99,3376.7805
2019-05-22 14:04:00.0,101.43,2499.8782,5094.992,3376.7822
2019-05-22 14:05:00.0,101.41,2499.8682,5094.9937,3376.784
2019-05-22 14:06:00.0,101.37,2499.867,5094.9956,3376.7856
2019-05-22 14:07:00.0,101.32,2499.874,5094.997,3376.7874
2019-05-22 14:08:00.0,101.29,2499.8784,5094.999,3376.789
2019-05-22 14:09:00.0,101.26,2499.8618,5095.0005,3376.7908
2019-05-22 14:10:00.0,101.24,2499.871,5095.002,3376.7925
2019-05-22 14:11:00.0,101.21,2499.8796,5095.004,3376.7942
2019-05-22 14:12:00.0,101.2,2499.8733,5095.0054,3376.7957
2019-05-22 14:13:00.0,101.15,2499.8733,5095.0073,3376.7974
2019-05-22 14:14:00.0,101.14,2499.859,5095.009,3376.799
2019-05-22 14:15:00.0,101.11,2499.877,5095.0107,3376.8008
2019-05-22 14:16:00.0,101.08,2499.874,5095.012,3376.8025
2019-05-22 14:17:00.0,101.06,2499.8667,5095.014,3376.8042
2019-05-22 14:18:00.0,101.03,2499.8784,5095.0156,3376.806
2019-05-22 14:19:00.0,100.98,2499.8545,5095.017,3376.8076
2019-05-22 14:20:00.0,100.97,2499.887,5095.019,3376.8093
2019-05-22 14:21:00.0,100.92,2499.8855,5095.0205,3376.811
2019-05-22 14:22:00.0,100.89,2499.8726,5095.0225,3376.8125
2019-05-22 14:23:00.0,100.86,2499.8557,5095.024,3376.8142
2019-05-22 14:24:00.0,100.82,2499.8625,5095.026,3376.816
2019-05-22 14:25:00.0,100.8,2499.8887,5095.0273,3376.8176
2019-05-22 14:26:00.0,100.77,2499.859,5095.0293,3376.8193
2019-05-22 14:27:00.0,100.76,2499.8857,5095.031,3376.821
2019-05-22 14:28:00.0,100.72,2499.8608,5095.032,3376.8228
2019-05-22 14:29:00.0,100.69,2499.874,5095.034,3376.8245
2019-05-22 14:30:00.0,100.68,2499.874,5095.0356,3376.826
2019-05-22 14:31:00.0,100.63,2499.8704,5095.0376,3376.8276
2019-05-22 14:32:00.0,100.59,2499.8862,5095.039,3376.8293
2019-05-22 14:33:00.0,100.56,2499.871,5095.041,3376.831
2019-05-22 14:34:00.0,100.56,2499.861,5095.0425,3376.8328
2019-05-22 14:35:00.0,100.51,2499.859,5095.0444,3376.8345
2019-05-22 14:36:00.0,100.5,2499.8782,5095.046,3376.8362
2019-05-22 14:37:00.0,100.47,2499.876,5095.0474,3376.838
2019-05-22 14:38:00.0,100.42,2499.8718,5095.0493,3376.8394
2019-05-22 14:39:00.0,100.42,2499.8582,5095.051,3376.841
2019-05-22 14:40:00.0,100.36,2499.8704,5095.0527,3376.8428
2019-05-22 14:41:00.0,100.33,2499.8538,5095.054,3376.8445
2019-05-22 14:42:00.0,100.33,2499.8696,5095.056,3376.8462
2019-05-22 14:43:00.0,100.28,2499.8733,5095.0576,3376.848
2019-05-22 14:44:00.0,100.25,2499.858,5095.059,3376.8496
2019-05-22 14:45:00.0,100.22,2499.874,5095.061,3376.851
2019-05-22 14:46:00.0,100.21,2499.863,5095.0625,3376.8528
2019-05-22 14:47:00.0,100.21,2499.866,5095.0645,3376.8545
2019-05-22 14:48:00.0,100.18,2499.8594,5095.066,3376.8562
2019-05-22 14:49:00.0,100.13,2499.8618,5095.0674,3376.858
2019-05-22 14:50:00.0,100.11,2499.8762,5095.0693,3376.8596
2019-05-22 14:51:00.0,100.07,2499.8682,5095.071,3376.861
2019-05-22 14:52:00.0,100.05,2499.88,5095.0728,3376.8628
2019-05-22 14:53:00.0,100.05,2499.8682,5095.074,3376.8645
2019-05-22 14:54:00.0,99.98,2499.8767,5095.076,3376.8662
2019-05-22 14:55:00.0,99.96,2499.874,5095.0776,3376.868
2019-05-22 14:56:00.0,99.92,2499.8818,5095.079,3376.8696
2019-05-22 14:57:00.0,99.89,2499.8782,5095.081,3376.871
2019-05-22 14:58:00.0,99.86,2499.869,5095.0825,3376.8728
2019-05-22 14:59:00.0,99.82,2499.8618,5095.0845,3376.8745
2019-05-22 15:00:00.0,99.78,2499.8804,5095.086,3376.8762
2019-05-22 15:01:00.0,99.76,2499.8848,5095.0874,3376.878
2019-05-22 15:02:00.0,99.72,2499.8574,5095.0894,3376.8794
2019-05-22 15:03:00.0,99.7,2499.8618,5095.091,3376.881
2019-05-22 15:04:00.0,99.67,2499.8557,5095.093,3376.8828
2019-05-22 15:05:00.0,99.63,2499.864,5095.094,3376.8845
2019-05-22 15:06:00.0,99.6,2499.8625,5095.0957,3376.8862
2019-05-22 15:07:00.0,99.57,2499.8872,5095.0977,3376.8877
2019-05-22 15:08:00.0,99.52,2499.8752,5095.099,3376.8894
2019-05-22 15:09:00.0,99.5,2499.864,5095.101,3376.891
2019-05-22 15:10:00.0,99.46,2499.869,5095.1025,3376.8928
2019-05-22 15:11:00.0,99.43,2499.8582,5095.104,3376.8945
2019-05-22 15:12:00.0,99.4,2499.8608,5095.106,3376.896
2019-05-22 15:13:00.0,99.37,2499.845,5095.1074,3376.8977
2019-05-22 15:14:00.0,99.32,2499.8655,5095.1094,3376.8994
2019-05-22 15:15:00.0,99.31,2499.8662,5095.111,3376.9011
2019-05-22 15:16:00.0,99.24,2499.8696,5095.1123,3376.9026
2019-05-22 15:17:00.0,99.23,2499.8633,5095.1143,3376.9043
2019-05-22 15:18:00.0,99.21,2499.871,5095.1157,3376.906
2019-05-22 15:19:00.0,99.18,2499.8945,5095.1177,3376.9077
2019-05-22 15:20:00.0,99.15,2499.876,5095.119,3376.9094
2019-05-22 15:21:00.0,99.12,2499.876,5095.1206,3376.911
2019-05-22 15:22:00.0,99.08,2499.8726,5095.1226,3376.9126
2019-05-22 15:23:00.0,99.06,2499.864,5095.124,3376.9143
2019-05-22 15:24:00.0,99.05,2499.8726,5095.1255,3376.916
2019-05-22 15:25:00.0,98.99,2499.8567,5095.1274,3376.9175
2019-05-22 15:26:00.0,98.95,2499.8604,5095.129,3376.9192
2019-05-22 15:27:00.0,98.88,2499.8835,5095.131,3376.921
2019-05-22 15:28:00.0,98.83,2499.869,5095.1323,3376.9226
2019-05-22 15:29:00.0,98.85,2499.8804,5095.134,3376.924
2019-05-22 15:30:00.0,98.82,2499.858,5095.1357,3376.9258
2019-05-22 15:31:00.0,98.77,2499.8674,5095.137,3376.9275
2019-05-22 15:32:00.0,98.76,2499.871,5095.1387,3376.9292
2019-05-22 15:33:00.0,98.74,2499.8538,5095.1406,3376.9307
2019-05-22 15:34:00.0,98.7,2499.8574,5095.142,3376.9324
2019-05-22 15:35:00.0,98.66,2499.8572,5095.144,3376.934
2019-05-22 15:36:00.0,98.62,2499.8596,5095.1455,3376.9358
2019-05-22 15:37:00.0,98.62,2499.8818,5095.147,3376.9373
2019-05-22 15:38:00.0,98.56,2499.8674,5095.149,3376.939
2019-05-22 15:39:00.0,98.53,2499.8662,5095.1504,3376.9407
2019-05-22 15:40:00.0,98.51,2499.8674,5095.152,3376.9421
2019-05-22 15:41:00.0,98.47,2499.8674,5095.154,3376.9438
2019-05-22 15:42:00.0,98.42,2499.8784,5095.1553,3376.9456
2019-05-22 15:43:00.0,98.39,2499.8542,5095.1567,3376.9473
2019-05-22 15:44:00.0,98.36,2499.8696,5095.1587,3376.9487
2019-05-22 15:45:00.0,98.34,2499.876,5095.16,3376.9504
2019-05-22 15:46:00.0,98.31,2499.858,5095.162,3376.9521
2019-05-22 15:47:00.0,98.27,2499.8594,5095.1636,3376.9539
2019-05-22 15:48:00.0,98.24,2499.8633,5095.165,3376.9553
2019-05-22 15:49:00.0,98.22,2499.8567,5095.167,3376.957
2019-05-22 15:50:00.0,98.21,2499.8804,5095.1685,3376.9587
2019-05-22 15:51:00.0,98.18,2499.8464,5095.17,3376.9602
2019-05-22 15:52:00.0,98.15,2499.874,5095.172,3376.962
2019-05-22 15:53:00.0,98.13,2499.8567,5095.1733,3376.9636
2019-05-22 15:54:00.0,98.13,2499.871,5095.175,3376.965
2019-05-22 15:55:00.0,98.08,2499.864,5095.177,3376.9668
2019-05-22 15:56:00.0,98.01,2499.8523,5095.178,3376.9685
2019-05-22 15:57:00.0,97.96,2499.8528,5095.1797,3376.9702
2019-05-22 15:58:00.0,97.96,2499.8796,5095.1816,3376.9717
2019-05-22 15:59:00.0,97.87,2499.8752,5095.183,3376.9734
2019-05-22 16:00:00.0,97.87,2499.8567,5095.1846,3376.975
2019-05-22 16:01:00.0,97.86,2499.8674,5095.1865,3376.9766
2019-05-22 16:02:00.0,97.8,2499.8843,5095.188,3376.9783
2019-05-22 16:03:00.0,97.78,2499.8784,5095.1895,3376.98
2019-05-22 16:04:00.0,97.75,2499.8633,5095.1914,3376.9814
2019-05-22 16:05:00.0,97.72,2499.8696,5095.193,3376.9832
2019-05-22 16:06:00.0,97.69,2499.8586,5095.1943,3376.9849
2019-05-22 16:07:00.0,97.67,2499.874,5095.1963,3376.9863
2019-05-22 16:08:00.0,97.61,2499.869,5095.1978,3376.988
2019-05-22 16:09:00.0,97.6,2499.8748,5095.199,3376.9897
2019-05-22 16:10:00.0,97.57,2499.867,5095.201,3376.9912
2019-05-22 16:11:00.0,97.54,2499.8752,5095.2026,3376.993
2019-05-22 16:12:00.0,97.49,2499.8677,5095.204,3376.9946
2019-05-22 16:13:00.0,97.46,2499.8792,5095.206,3376.996
2019-05-22 16:14:00.0,97.41,2499.86,5095.2075,3376.9978
2019-05-22 16:15:00.0,97.38,2499.8696,5095.209,3376.9995
2019-05-22 16:16:00.0,97.37,2499.874,5095.211,3377.001
2019-05-22 16:17:00.0,97.32,2499.8645,5095.2124,3377.0027
2019-05-22 16:18:00.0,97.31,2499.8594,5095.214,3377.0042
2019-05-22 16:19:00.0,97.28,2499.8792,5095.216,3377.0059
2019-05-22 16:20:00.0,97.25,2499.8618,5095.2173,3377.0076
2019-05-22 16:21:00.0,97.23,2499.8718,5095.2188,3377.009
2019-05-22 16:22:00.0,97.2,2499.8718,5095.2207,3377.0107
2019-05-22 16:23:00.0,97.15,2499.8538,5095.222,3377.0125
2019-05-22 16:24:00.0,97.15,2499.849,5095.2236,3377.014
2019-05-22 16:25:00.0,97.14,2499.8704,5095.2256,3377.0156
2019-05-22 16:26:00.0,97.08,2499.869,5095.227,3377.0173
2019-05-22 16:27:00.0,97.08,2499.8733,5095.2285,3377.0188
2019-05-22 16:28:00.0,97.02,2499.8604,5095.2305,3377.0205
2019-05-22 16:29:00.0,96.97,2499.8638,5095.232,3377.022
2019-05-22 16:30:00.0,96.89,2499.858,5095.2334,3377.0237
2019-05-22 16:31:00.0,96.89,2499.8542,5095.235,3377.0254
2019-05-22 16:32:00.0,96.89,2499.859,5095.237,3377.0269
2019-05-22 16:33:00.0,96.83,2499.8582,5095.2383,3377.0286
2019-05-22 16:34:00.0,96.82,2499.869,5095.2397,3377.0303
2019-05-22 16:35:00.0,96.77,2499.8596,5095.2417,3377.0317
2019-05-22 16:36:00.0,96.76,2499.8647,5095.243,3377.0334
2019-05-22 16:37:00.0,96.74,2499.855,5095.2446,3377.035
2019-05-22 16:38:00.0,96.68,2499.861,5095.2466,3377.0366
2019-05-22 16:39:00.0,96.67,2499.848,5095.248,3377.0383
2019-05-22 16:40:00.0,96.64,2499.867,5095.2495,3377.0398
2019-05-22 16:41:00.0,96.6,2499.8542,5095.251,3377.0415
2019-05-22 16:42:00.0,96.57,2499.8477,5095.253,3377.043
2019-05-22 16:43:00.0,96.54,2499.853,5095.2544,3377.0447
2019-05-22 16:44:00.0,96.53,2499.869,5095.256,3377.0461
2019-05-22 16:45:00.0,96.48,2499.8782,5095.258,3377.0479
2019-05-22 16:46:00.0,96.42,2499.8674,5095.2593,3377.0496
2019-05-22 16:47:00.0,96.42,2499.8618,5095.2607,3377.051
2019-05-22 16:48:00.0,96.39,2499.866,5095.2627,3377.0527
2019-05-22 16:49:00.0,96.36,2499.864,5095.264,3377.0542
2019-05-22 16:50:00.0,96.33,2499.8535,5095.2656,3377.056
2019-05-22 16:51:00.0,96.3,2499.882,5095.267,3377.0576
2019-05-22 16:52:00.0,96.28,2499.8535,5095.269,3377.059
2019-05-22 16:53:00.0,96.25,2499.8696,5095.2705,3377.0608
2019-05-22 16:54:00.0,96.22,2499.8755,5095.272,3377.0623
2019-05-22 16:55:00.0,96.19,2499.8762,5095.274,3377.064
2019-05-22 16:56:00.0,96.16,2499.8674,5095.2754,3377.0654
2019-05-22 16:57:00.0,96.15,2499.8542,5095.277,3377.0671
2019-05-22 16:58:00.0,96.12,2499.8552,5095.2783,3377.0688
2019-05-22 16:59:00.0,96.07,2499.8633,5095.2803,3377.0703
2019-05-22 17:00:00.0,96.07,2499.8752,5095.2817,3377.072
2019-05-22 17:01:00.0,96.01,2499.858,5095.283,3377.0735
2019-05-22 17:02:00.0,95.96,2499.8528,5095.2847,3377.0752
2019-05-22 17:03:00.0,95.93,2499.861,5095.2866,3377.0767
2019-05-22 17:04:00.0,95.92,2499.8582,5095.288,3377.0784
2019-05-22 17:05:00.0,95.86,2499.8696,5095.2896,3377.0798
2019-05-22 17:06:00.0,95.86,2499.8528,5095.2915,3377.0815
2019-05-22 17:07:00.0,95.8,2499.876,5095.293,3377.083
2019-05-22 17:08:00.0,95.78,2499.8594,5095.2944,3377.0847
2019-05-22 17:09:00.0,95.77,2499.8608,5095.296,3377.0864
2019-05-22 17:10:00.0,95.74,2499.8704,5095.298,3377.088
2019-05-22 17:11:00.0,95.7,2499.8604,5095.2993,3377.0896
2019-05-22 17:12:00.0,95.67,2499.8464,5095.301,3377.091
2019-05-22 17:13:00.0,95.67,2499.8682,5095.3022,3377.0928
2019-05-22 17:14:00.0,95.63,2499.8726,5095.304,3377.0942
2019-05-22 17:15:00.0,95.55,2499.8674,5095.3057,3377.096
2019-05-22 17:16:00.0,95.55,2499.8523,5095.307,3377.0974
2019-05-22 17:17:00.0,95.51,2499.8625,5095.309,3377.099
2019-05-22 17:18:00.0,95.49,2499.8616,5095.3105,3377.1006
2019-05-22 17:19:00.0,95.46,2499.8682,5095.312,3377.1023
2019-05-22 17:20:00.0,95.41,2499.8647,5095.3135,3377.1038
2019-05-22 17:21:00.0,95.38,2499.858,5095.3154,3377.1055
2019-05-22 17:22:00.0,95.37,2499.8586,5095.317,3377.107
2019-05-22 17:23:00.0,95.32,2499.8594,5095.3184,3377.1086
2019-05-22 17:24:00.0,95.29,2499.8538,5095.32,3377.11
2019-05-22 17:25:00.0,95.29,2499.8655,5095.322,3377.1118
2019-05-22 17:26:00.0,95.26,2499.8594,5095.323,3377.1133
2019-05-22 17:27:00.0,95.23,2499.8718,5095.3247,3377.115
2019-05-22 17:28:00.0,95.2,2499.8508,5095.326,3377.1165
2019-05-22 17:29:00.0,95.17,2499.8594,5095.328,3377.1182
2019-05-22 17:30:00.0,95.12,2499.8652,5095.3296,3377.1196
2019-05-22 17:31:00.0,95.11,2499.8604,5095.331,3377.1213
2019-05-22 17:32:00.0,95.08,2499.8542,5095.3325,3377.1228
2019-05-22 17:33:00.0,95.03,2499.8618,5095.3345,3377.1245
2019-05-22 17:34:00.0,94.97,2499.8596,5095.336,3377.126
2019-05-22 17:35:00.0,94.99,2499.8667,5095.3374,3377.1277
2019-05-22 17:36:00.0,94.94,2499.871,5095.339,3377.1292
2019-05-22 17:37:00.0,94.91,2499.8618,5095.341,3377.1309
2019-05-22 17:38:00.0,94.9,2499.8662,5095.3423,3377.1323
2019-05-22 17:39:00.0,94.85,2499.8572,5095.3438,3377.134
2019-05-22 17:40:00.0,94.83,2499.8528,5095.345,3377.1355
2019-05-22 17:41:00.0,94.82,2499.8718,5095.3467,3377.1372
2019-05-22 17:42:00.0,94.77,2499.86,5095.3486,3377.1387
2019-05-22 17:43:00.0,94.71,2499.8535,5095.35,3377.1404
2019-05-22 17:44:00.0,94.73,2499.8667,5095.3516,3377.1418
2019-05-22 17:45:00.0,94.67,2499.8594,5095.353,3377.1436
2019-05-22 17:46:00.0,94.65,2499.8774,5095.355,3377.145
2019-05-22 17:47:00.0,94.62,2499.863,5095.3564,3377.1467
2019-05-22 17:48:00.0,94.59,2499.8486,5095.358,3377.1482
2019-05-22 17:49:00.0,94.58,2499.8513,5095.3594,3377.1497
2019-05-22 17:50:00.0,94.53,2499.8582,5095.3613,3377.1514
2019-05-22 17:51:00.0,94.48,2499.8567,5095.363,3377.1528
2019-05-22 17:52:00.0,94.5,2499.8557,5095.3643,3377.1545
2019-05-22 17:53:00.0,94.42,2499.8596,5095.3657,3377.156
2019-05-22 17:54:00.0,94.41,2499.8682,5095.367,3377.1577
2019-05-22 17:55:00.0,94.39,2499.8499,5095.369,3377.1592
2019-05-22 17:56:00.0,94.35,2499.8596,5095.3706,3377.161
2019-05-22 17:57:00.0,94.32,2499.8667,5095.372,3377.1624
2019-05-22 17:58:00.0,94.3,2499.8704,5095.3735,3377.1638
2019-05-22 17:59:00.0,94.3,2499.8582,5095.3755,3377.1655
2019-05-22 18:00:00.0,94.24,2499.8733,5095.377,3377.167
2019-05-22 18:01:00.0,94.22,2499.85,5095.3784,3377.1687
2019-05-22 18:02:00.0,94.21,2499.8645,5095.38,3377.1702
2019-05-22 18:03:00.0,94.18,2499.8782,5095.3813,3377.1719
2019-05-22 18:04:00.0,94.15,2499.8704,5095.3833,3377.1733
2019-05-22 18:05:00.0,94.13,2499.8516,5095.385,3377.1748
2019-05-22 18:06:00.0,94.09,2499.8574,5095.386,3377.1765
2019-05-22 18:07:00.0,94.06,2499.8633,5095.3877,3377.178
2019-05-22 18:08:00.0,94.01,2499.8774,5095.389,3377.1797
2019-05-22 18:09:00.0,94.0,2499.8538,5095.391,3377.1812
2019-05-22 18:10:00.0,94.0,2499.8652,5095.3926,3377.1829
2019-05-22 18:11:00.0,93.95,2499.869,5095.394,3377.1843
2019-05-22 18:12:00.0,93.93,2499.8638,5095.3955,3377.1858
2019-05-22 18:13:00.0,93.89,2499.861,5095.3975,3377.1875
2019-05-22 18:14:00.0,93.87,2499.8662,5095.399,3377.189
2019-05-22 18:15:00.0,93.86,2499.8406,5095.4004,3377.1907
2019-05-22 18:16:00.0,93.83,2499.8655,5095.402,3377.1921
2019-05-22 18:17:00.0,93.81,2499.8696,5095.4033,3377.1936
2019-05-22 18:18:00.0,93.75,2499.8774,5095.4053,3377.1953
2019-05-22 18:19:00.0,93.71,2499.8616,5095.4067,3377.1968
2019-05-22 18:20:00.0,93.71,2499.8645,5095.408,3377.1985
2019-05-22 18:21:00.0,93.68,2499.8513,5095.4097,3377.2
2019-05-22 18:22:00.0,93.66,2499.8733,5095.411,3377.2014
2019-05-22 18:23:00.0,93.64,2499.867,5095.413,3377.2031
2019-05-22 18:24:00.0,93.6,2499.8596,5095.4146,3377.2046
2019-05-22 18:25:00.0,93.6,2499.855,5095.416,3377.2063
2019-05-22 18:26:00.0,93.57,2499.853,5095.4175,3377.2078
2019-05-22 18:27:00.0,93.52,2499.8538,5095.419,3377.2092
2019-05-22 18:28:00.0,93.48,2499.8633,5095.4204,3377.211
2019-05-22 18:29:00.0,93.48,2499.8616,5095.4224,3377.2124
2019-05-22 18:30:00.0,93.46,2499.855,5095.424,3377.214
2019-05-22 18:31:00.0,93.45,2499.8726,5095.4253,3377.2156
2019-05-22 18:32:00.0,93.43,2499.8616,5095.427,3377.217
2019-05-22 18:33:00.0,93.4,2499.8892,5095.428,3377.2188
2019-05-22 18:34:00.0,93.37,2499.8718,5095.43,3377.2202
2019-05-22 18:35:00.0,93.35,2499.8704,5095.4316,3377.2217
2019-05-22 18:36:00.0,93.34,2499.8604,5095.433,3377.2234
2019-05-22 18:37:00.0,93.31,2499.8674,5095.4346,3377.2249
2019-05-22 18:38:00.0,93.29,2499.8748,5095.436,3377.2263
2019-05-22 18:39:00.0,93.26,2499.8733,5095.438,3377.228
2019-05-22 18:40:00.0,93.25,2499.8484,5095.4395,3377.2295
2019-05-22 18:41:00.0,93.2,2499.861,5095.441,3377.2312
2019-05-22 18:42:00.0,93.2,2499.8564,5095.4424,3377.2327
2019-05-22 18:43:00.0,93.17,2499.86,5095.444,3377.2341
2019-05-22 18:44:00.0,93.13,2499.845,5095.4453,3377.2358
2019-05-22 18:45:00.0,93.1,2499.8774,5095.4473,3377.2373
2019-05-22 18:46:00.0,93.08,2499.8726,5095.4487,3377.2388
2019-05-22 18:47:00.0,93.02,2499.8538,5095.45,3377.2405
2019-05-22 18:48:00.0,93.02,2499.8704,5095.4517,3377.242
2019-05-22 18:49:00.0,92.99,2499.881,5095.453,3377.2434
2019-05-22 18:50:00.0,92.94,2499.8667,5095.455,3377.245
2019-05-22 18:51:00.0,92.94,2499.8682,5095.4565,3377.2466
2019-05-22 18:52:00.0,92.93,2499.86,5095.458,3377.248
2019-05-22 18:53:00.0,92.9,2499.8618,5095.4595,3377.2498
2019-05-22 18:54:00.0,92.88,2499.8752,5095.461,3377.2512
2019-05-22 18:55:00.0,92.87,2499.8696,5095.4624,3377.253
2019-05-22 18:56:00.0,92.84,2499.8704,5095.4644,3377.2544
2019-05-22 18:57:00.0,92.82,2499.8733,5095.466,3377.2559
2019-05-22 18:58:00.0,92.74,2499.8652,5095.4673,3377.2576
2019-05-22 18:59:00.0,92.74,2499.8696,5095.4688,3377.259
2019-05-22 19:00:00.0,92.73,2499.8616,5095.47,3377.2605
2019-05-22 19:01:00.0,92.7,2499.879,5095.4717,3377.2622
2019-05-22 19:02:00.0,92.67,2499.8718,5095.4736,3377.2637
2019-05-22 19:03:00.0,92.65,2499.8667,5095.475,3377.2651
2019-05-22 19:04:00.0,92.62,2499.8696,5095.4766,3377.2666
2019-05-22 19:05:00.0,92.62,2499.864,5095.478,3377.2683
2019-05-22 19:06:00.0,92.58,2499.867,5095.4795,3377.2698
2019-05-22 19:07:00.0,92.56,2499.8733,5095.481,3377.2712
2019-05-22 19:08:00.0,92.52,2499.8726,5095.4824,3377.273
2019-05-22 19:09:00.0,92.5,2499.8704,5095.4844,3377.2744
2019-05-22 19:10:00.0,92.45,2499.8718,5095.486,3377.276
2019-05-22 19:11:00.0,92.47,2499.8564,5095.4873,3377.2776
2019-05-22 19:12:00.0,92.44,2499.8696,5095.489,3377.279
2019-05-22 19:13:00.0,92.41,2499.852,5095.49,3377.2805
2019-05-22 19:14:00.0,92.39,2499.8782,5095.4917,3377.2822
2019-05-22 19:15:00.0,92.35,2499.8677,5095.4937,3377.2837
2019-05-22 19:16:00.0,92.35,2499.8718,5095.495,3377.2852
2019-05-22 19:17:00.0,92.3,2499.8535,5095.4966,3377.2869
2019-05-22 19:18:00.0,92.29,2499.8616,5095.498,3377.2883
2019-05-22 19:19:00.0,92.29,2499.8848,5095.4995,3377.2898
2019-05-22 19:20:00.0,92.27,2499.8484,5095.501,3377.2913
2019-05-22 19:21:00.0,92.26,2499.8835,5095.5024,3377.293
2019-05-22 19:22:00.0,92.24,2499.861,5095.5044,3377.2944
2019-05-22 19:23:00.0,92.2,2499.8625,5095.506,3377.296
2019-05-22 19:24:00.0,92.15,2499.871,5095.5073,3377.2976
2019-05-22 19:25:00.0,92.13,2499.8582,5095.509,3377.299
2019-05-22 19:26:00.0,92.1,2499.8752,5095.5103,3377.3005
2019-05-22 19:27:00.0,92.06,2499.8535,5095.5117,3377.302
2019-05-22 19:28:00.0,92.03,2499.8682,5095.513,3377.3037
2019-05-22 19:29:00.0,91.73,2499.8513,5095.515,3377.3052
2019-05-22 19:30:00.0,91.71,2499.861,5095.5166,3377.3066
2019-05-22 19:31:00.0,91.68,2499.8586,5095.518,3377.3083
2019-05-22 19:32:00.0,91.66,2499.8662,5095.5195,3377.3098
2019-05-22 19:33:00.0,91.63,2499.8594,5095.521,3377.3113
2019-05-22 19:34:00.0,91.61,2499.8523,5095.5225,3377.3127
2019-05-22 19:35:00.0,91.59,2499.8638,5095.524,3377.3145
2019-05-22 19:36:00.0,91.56,2499.8677,5095.526,3377.316
2019-05-22 19:37:00.0,91.54,2499.8564,5095.5273,3377.3174
2019-05-22 19:38:00.0,91.51,2499.8572,5095.529,3377.3188
2019-05-22 19:39:00.0,91.49,2499.864,5095.5303,3377.3206
2019-05-22 19:40:00.0,91.46,2499.861,5095.5317,3377.322
2019-05-22 19:41:00.0,91.44,2499.8718,5095.533,3377.3235
2019-05-22 19:42:00.0,91.42,2499.8696,5095.5347,3377.325
2019-05-22 19:43:00.0,91.39,2499.8726,5095.536,3377.3267
2019-05-22 19:44:00.0,91.37,2499.85,5095.538,3377.3281
2019-05-22 19:45:00.0,91.35,2499.8604,5095.5396,3377.3296
2019-05-22 19:46:00.0,91.32,2499.8726,5095.541,3377.331
2019-05-22 19:47:00.0,91.3,2499.874,5095.5425,3377.3325
2019-05-22 19:48:00.0,91.27,2499.8704,5095.544,3377.3342
2019-05-22 19:49:00.0,91.25,2499.8704,5095.5454,3377.3357
2019-05-22 19:50:00.0,91.22,2499.858,5095.547,3377.3372
2019-05-22 19:51:00.0,91.2,2499.863,5095.5483,3377.3386
2019-05-22 19:52:00.0,91.18,2499.8516,5095.55,3377.3403
2019-05-22 19:53:00.0,91.15,2499.8594,5095.552,3377.3418
2019-05-22 19:54:00.0,91.13,2499.8535,5095.553,3377.3433
2019-05-22 19:55:00.0,91.1,2499.8733,5095.5547,3377.3447
2019-05-22 19:56:00.0,91.08,2499.8645,5095.556,3377.3464
2019-05-22 19:57:00.0,91.06,2499.8718,5095.5576,3377.348
2019-05-22 19:58:00.0,91.03,2499.855,5095.559,3377.3494
2019-05-22 19:59:00.0,91.01,2499.852,5095.5605,3377.3508
2019-05-22 20:00:00.0,90.99,2499.8677,5095.562,3377.3523
2019-05-22 20:01:00.0,90.96,2499.8682,5095.5635,3377.354
2019-05-22 20:02:00.0,90.94,2499.853,5095.5654,3377.3555
2019-05-22 20:03:00.0,90.92,2499.858,5095.567,3377.357
2019-05-22 20:04:00.0,90.89,2499.855,5095.5684,3377.3584
2019-05-22 20:05:00.0,90.86,2499.8499,5095.57,3377.3599
2019-05-22 20:06:00.0,90.84,2499.8704,5095.5713,3377.3616
2019-05-22 20:07:00.0,90.82,2499.8655,5095.5728,3377.363
2019-05-22 20:08:00.0,90.8,2499.8608,5095.574,3377.3645
2019-05-22 20:09:00.0,90.77,2499.8704,5095.5757,3377.366
2019-05-22 20:10:00.0,90.75,2499.871,5095.577,3377.3674
2019-05-22 20:11:00.0,90.73,2499.8596,5095.5786,3377.3691
2019-05-22 20:12:00.0,90.7,2499.86,5095.5806,3377.3706
2019-05-22 20:13:00.0,90.68,2499.8662,5095.582,3377.372
2019-05-22 20:14:00.0,90.66,2499.874,5095.5835,3377.3735
2019-05-22 20:15:00.0,90.63,2499.8428,5095.585,3377.375
2019-05-22 20:16:00.0,90.61,2499.8528,5095.5864,3377.3767
2019-05-22 20:17:00.0,90.59,2499.8652,5095.588,3377.3782
2019-05-22 20:18:00.0,90.56,2499.866,5095.5894,3377.3796
2019-05-22 20:19:00.0,90.54,2499.8594,5095.591,3377.381
2019-05-22 20:20:00.0,90.52,2499.8574,5095.5923,3377.3826
2019-05-22 20:21:00.0,90.49,2499.8523,5095.5938,3377.384
2019-05-22 20:22:00.0,90.47,2499.8638,5095.595,3377.3857
2019-05-22 20:23:00.0,90.44,2499.858,5095.597,3377.3872
2019-05-22 20:24:00.0,90.42,2499.858,5095.5986,3377.3887
2019-05-22 20:25:00.0,90.4,2499.8645,5095.6,3377.3901
2019-05-22 20:26:00.0,90.38,2499.8542,5095.6016,3377.3916
2019-05-22 20:27:00.0,90.35,2499.8655,5095.603,3377.393
2019-05-22 20:28:00.0,90.33,2499.8552,5095.6045,3377.3948
2019-05-22 20:29:00.0,90.31,2499.86,5095.606,3377.3962
2019-05-22 20:30:00.0,90.28,2499.8586,5095.6074,3377.3977
2019-05-22 20:31:00.0,90.26,2499.8535,5095.609,3377.3992
2019-05-22 20:32:00.0,90.23,2499.8506,5095.6104,3377.4006
2019-05-22 20:33:00.0,90.21,2499.8457,5095.612,3377.402
2019-05-22 20:34:00.0,90.18,2499.864,5095.6133,3377.4038
2019-05-22 20:35:00.0,90.16,2499.853,5095.615,3377.4053
2019-05-22 20:36:00.0,90.14,2499.8486,5095.6167,3377.4067
2019-05-22 20:37:00.0,90.12,2499.8413,5095.618,3377.4082
2019-05-22 20:38:00.0,90.1,2499.8655,5095.6196,3377.4097
2019-05-22 20:39:00.0,90.07,2499.8428,5095.621,3377.4111
2019-05-22 20:40:00.0,90.05,2499.876,5095.6226,3377.4128
2019-05-22 20:41:00.0,90.02,2499.8538,5095.624,3377.4143
2019-05-22 20:42:00.0,90.0,2499.8574,5095.6255,3377.4158
2019-05-22 20:43:00.0,89.98,2499.8545,5095.627,3377.4172
2019-05-22 20:44:00.0,89.95,2499.8484,5095.6284,3377.4187
2019-05-22 20:45:00.0,89.93,2499.8564,5095.63,3377.4202
2019-05-22 20:46:00.0,89.9,2499.8477,5095.6313,3377.4216
2019-05-22 20:47:00.0,89.88,2499.855,5095.633,3377.4233
2019-05-22 20:48:00.0,89.86,2499.8538,5095.6343,3377.4248
2019-05-22 20:49:00.0,89.84,2499.849,5095.636,3377.4263
2019-05-22 20:50:00.0,89.82,2499.853,5095.6377,3377.4277
2019-05-22 20:51:00.0,89.79,2499.863,5095.639,3377.4292
2019-05-22 20:52:00.0,89.77,2499.8638,5095.6406,3377.4307
2019-05-22 20:53:00.0,89.74,2499.849,5095.642,3377.4321
2019-05-22 20:54:00.0,89.72,2499.8398,5095.6436,3377.4336
2019-05-22 20:55:00.0,89.7,2499.8535,5095.645,3377.4353
2019-05-22 20:56:00.0,89.68,2499.8633,5095.6465,3377.4368
2019-05-22 20:57:00.0,89.65,2499.8582,5095.648,3377.4382
2019-05-22 20:58:00.0,89.63,2499.86,5095.6494,3377.4397
2019-05-22 20:59:00.0,89.61,2499.871,5095.651,3377.4412
2019-05-22 21:00:00.0,89.58,2499.8647,5095.6523,3377.4426
2019-05-22 21:01:00.0,89.56,2499.8499,5095.654,3377.444
2019-05-22 21:02:00.0,89.54,2499.8625,5095.6553,3377.4456
2019-05-22 21:03:00.0,89.51,2499.8647,5095.6567,3377.4473
2019-05-22 21:04:00.0,89.49,2499.8682,5095.658,3377.4487
2019-05-22 21:05:00.0,89.47,2499.839,5095.6597,3377.4502
2019-05-22 21:06:00.0,89.44,2499.845,5095.6616,3377.4517
2019-05-22 21:07:00.0,89.42,2499.8608,5095.663,3377.4531
2019-05-22 21:08:00.0,89.4,2499.8442,5095.6646,3377.4546
2019-05-22 21:09:00.0,89.38,2499.8523,5095.666,3377.456
2019-05-22 21:10:00.0,89.36,2499.8564,5095.6675,3377.4575
2019-05-22 21:11:00.0,89.33,2499.845,5095.669,3377.459
2019-05-22 21:12:00.0,89.3,2499.8499,5095.6704,3377.4604
2019-05-22 21:13:00.0,89.28,2499.8564,5095.672,3377.4622
2019-05-22 21:14:00.0,89.26,2499.866,5095.6733,3377.4636
2019-05-22 21:15:00.0,89.23,2499.8645,5095.675,3377.465
2019-05-22 21:16:00.0,89.21,2499.8718,5095.6763,3377.4666
2019-05-22 21:17:00.0,89.19,2499.8516,5095.6777,3377.468
2019-05-22 21:18:00.0,89.17,2499.8528,5095.679,3377.4695
2019-05-22 21:19:00.0,89.15,2499.8645,5095.6807,3377.471
2019-05-22 21:20:00.0,89.12,2499.848,5095.682,3377.4724
2019-05-22 21:21:00.0,89.1,2499.8667,5095.6836,3377.4739
2019-05-22 21:22:00.0,89.08,2499.8682,5095.685,3377.4753
2019-05-22 21:23:00.0,89.05,2499.8552,5095.6865,3377.4768
2019-05-22 21:24:00.0,89.03,2499.84,5095.688,3377.4783
2019-05-22 21:25:00.0,89.01,2499.8528,5095.6895,3377.48
2019-05-22 21:26:00.0,88.98,2499.8542,5095.691,3377.4814
2019-05-22 21:27:00.0,88.96,2499.864,5095.6924,3377.483
2019-05-22 21:28:00.0,88.94,2499.8486,5095.6943,3377.4844
2019-05-22 21:29:00.0,88.92,2499.8574,5095.696,3377.4858
2019-05-22 21:30:00.0,88.9,2499.848,5095.6973,3377.4873
2019-05-22 21:31:00.0,88.87,2499.8594,5095.6987,3377.4888
2019-05-22 21:32:00.0,88.85,2499.849,5095.7,3377.4902
2019-05-22 21:33:00.0,88.82,2499.8508,5095.7017,3377.4917
2019-05-22 21:34:00.0,88.8,2499.848,5095.703,3377.4932
2019-05-22 21:35:00.0,88.78,2499.8625,5095.7046,3377.4946
2019-05-22 21:36:00.0,88.76,2499.8464,5095.706,3377.496
2019-05-22 21:37:00.0,88.73,2499.8464,5095.7075,3377.4976
2019-05-22 21:38:00.0,88.71,2499.8667,5095.709,3377.499
2019-05-22 21:39:00.0,88.69,2499.864,5095.7104,3377.5005
2019-05-22 21:40:00.0,88.67,2499.849,5095.712,3377.5022
2019-05-22 21:41:00.0,88.65,2499.8506,5095.7134,3377.5037
2019-05-22 21:42:00.0,88.62,2499.8552,5095.715,3377.5051
2019-05-22 21:43:00.0,88.6,2499.8618,5095.7163,3377.5066
2019-05-22 21:44:00.0,88.57,2499.8413,5095.718,3377.508
2019-05-22 21:45:00.0,88.55,2499.8608,5095.719,3377.5095
2019-05-22 21:46:00.0,88.53,2499.8594,5095.7207,3377.511
2019-05-22 21:47:00.0,88.51,2499.8677,5095.722,3377.5125
2019-05-22 21:48:00.0,88.48,2499.8457,5095.7236,3377.514
2019-05-22 21:49:00.0,88.46,2499.8677,5095.725,3377.5154
2019-05-22 21:50:00.0,88.44,2499.8647,5095.7266,3377.5168
2019-05-22 21:51:00.0,88.42,2499.8472,5095.728,3377.5183
2019-05-22 21:52:00.0,88.4,2499.8608,5095.7295,3377.5198
2019-05-22 21:53:00.0,88.37,2499.8652,5095.731,3377.5212
2019-05-22 21:54:00.0,88.35,2499.8625,5095.7324,3377.5227
2019-05-22 21:55:00.0,88.32,2499.8413,5095.734,3377.5242
2019-05-22 21:56:00.0,88.31,2499.849,5095.7354,3377.5256
2019-05-22 21:57:00.0,88.28,2499.8704,5095.737,3377.527
2019-05-22 21:58:00.0,88.26,2499.8586,5095.7383,3377.5286
2019-05-22 21:59:00.0,88.24,2499.8567,5095.7397,3377.53
2019-05-22 22:00:00.0,88.22,2499.869,5095.741,3377.5315
2019-05-22 22:01:00.0,88.19,2499.85,5095.7427,3377.533
2019-05-22 22:02:00.0,88.17,2499.8586,5095.744,3377.5344
2019-05-22 22:03:00.0,88.15,2499.849,5095.7456,3377.536
2019-05-22 22:04:00.0,88.12,2499.8472,5095.747,3377.5374
2019-05-22 22:05:00.0,88.1,2499.8608,5095.7485,3377.5388
2019-05-22 22:06:00.0,88.08,2499.8633,5095.75,3377.5403
2019-05-22 22:07:00.0,88.06,2499.8618,5095.7515,3377.5417
2019-05-22 22:08:00.0,88.04,2499.8774,5095.753,3377.5432
2019-05-22 22:09:00.0,88.02,2499.8596,5095.7544,3377.5447
2019-05-22 22:10:00.0,87.99,2499.8633,5095.756,3377.5461
2019-05-22 22:11:00.0,87.97,2499.8616,5095.7573,3377.5476
2019-05-22 22:12:00.0,87.94,2499.8567,5095.759,3377.549
2019-05-22 22:13:00.0,87.92,2499.8564,5095.7603,3377.5505
2019-05-22 22:14:00.0,87.9,2499.8625,5095.7617,3377.552
2019-05-22 22:15:00.0,87.88,2499.8674,5095.763,3377.5535
2019-05-22 22:16:00.0,87.86,2499.86,5095.7646,3377.555
2019-05-22 22:17:00.0,87.83,2499.861,5095.766,3377.5564
2019-05-22 22:18:00.0,87.82,2499.85,5095.7676,3377.5579
2019-05-22 22:19:00.0,87.79,2499.8618,5095.769,3377.5593
2019-05-22 22:20:00.0,87.77,2499.8586,5095.7705,3377.5608
2019-05-22 22:21:00.0,87.75,2499.8677,5095.772,3377.5623
2019-05-22 22:22:00.0,87.73,2499.8567,5095.7734,3377.5637
2019-05-22 22:23:00.0,87.7,2499.8523,5095.775,3377.5652
2019-05-22 22:24:00.0,87.68,2499.8633,5095.7764,3377.5667
2019-05-22 22:25:00.0,87.66,2499.8464,5095.778,3377.568
2019-05-22 22:26:00.0,87.64,2499.8484,5095.7793,3377.5696
2019-05-22 22:27:00.0,87.62,2499.8594,5095.781,3377.571
2019-05-22 22:28:00.0,87.59,2499.8574,5095.782,3377.5725
2019-05-22 22:29:00.0,87.57,2499.8538,5095.7837,3377.574
2019-05-22 22:30:00.0,87.55,2499.8567,5095.785,3377.5754
2019-05-22 22:31:00.0,87.53,2499.871,5095.7866,3377.577
2019-05-22 22:32:00.0,87.51,2499.8594,5095.788,3377.5784
2019-05-22 22:33:00.0,87.49,2499.8499,5095.7896,3377.5798
2019-05-22 22:34:00.0,87.46,2499.8655,5095.791,3377.5813
2019-05-22 22:35:00.0,87.44,2499.8499,5095.7925,3377.5828
2019-05-22 22:36:00.0,87.42,2499.8594,5095.794,3377.5842
2019-05-22 22:37:00.0,87.39,2499.8784,5095.7954,3377.5857
2019-05-22 22:38:00.0,87.37,2499.8616,5095.797,3377.5872
2019-05-22 22:39:00.0,87.35,2499.8472,5095.7983,3377.5886
2019-05-22 22:40:00.0,87.33,2499.863,5095.8,3377.59
2019-05-22 22:41:00.0,87.3,2499.8616,5095.8013,3377.5916
2019-05-22 22:42:00.0,87.28,2499.8718,5095.8027,3377.593
2019-05-22 22:43:00.0,87.26,2499.8499,5095.804,3377.5945
2019-05-22 22:44:00.0,87.24,2499.8552,5095.8057,3377.596
2019-05-22 22:45:00.0,87.22,2499.8516,5095.807,3377.5974
2019-05-22 22:46:00.0,87.2,2499.8508,5095.8086,3377.5989
2019-05-22 22:47:00.0,87.17,2499.8682,5095.81,3377.6003
2019-05-22 22:48:00.0,87.15,2499.8545,5095.8115,3377.6018
2019-05-22 22:49:00.0,87.13,2499.8596,5095.813,3377.6033
2019-05-22 22:50:00.0,87.11,2499.8567,5095.8145,3377.6045
2019-05-22 22:51:00.0,87.08,2499.8633,5095.816,3377.606
2019-05-22 22:52:00.0,87.06,2499.867,5095.8174,3377.6074
2019-05-22 22:53:00.0,87.04,2499.8733,5095.819,3377.609
2019-05-22 22:54:00.0,87.02,2499.866,5095.8203,3377.6104
2019-05-22 22:55:00.0,86.99,2499.849,5095.822,3377.6118
2019-05-22 22:56:00.0,86.97,2499.8748,5095.823,3377.6133
2019-05-22 22:57:00.0,86.95,2499.8572,5095.8247,3377.6147
2019-05-22 22:58:00.0,86.93,2499.863,5095.826,3377.6162
2019-05-22 22:59:00.0,86.91,2499.852,5095.8276,3377.6177
2019-05-22 23:00:00.0,86.89,2499.855,5095.829,3377.6191
2019-05-22 23:01:00.0,86.86,2499.8667,5095.8306,3377.6206
2019-05-22 23:02:00.0,86.85,2499.8604,5095.8315,3377.622
2019-05-22 23:03:00.0,86.83,2499.8608,5095.833,3377.6235
2019-05-22 23:04:00.0,86.8,2499.8442,5095.8345,3377.625
2019-05-22 23:05:00.0,86.78,2499.8413,5095.836,3377.6265
2019-05-22 23:06:00.0,86.76,2499.8618,5095.8374,3377.6277
2019-05-22 23:07:00.0,86.74,2499.866,5095.839,3377.6292
2019-05-22 23:08:00.0,86.71,2499.842,5095.8403,3377.6306
2019-05-22 23:09:00.0,86.69,2499.864,5095.842,3377.632
2019-05-22 23:10:00.0,86.67,2499.8586,5095.8433,3377.6335
2019-05-22 23:11:00.0,86.65,2499.8557,5095.8447,3377.635
2019-05-22 23:12:00.0,86.63,2499.8516,5095.846,3377.6365
2019-05-22 23:13:00.0,86.6,2499.8523,5095.8477,3377.638
2019-05-22 23:14:00.0,86.59,2499.849,5095.849,3377.6394
2019-05-22 23:15:00.0,86.56,2499.866,5095.8506,3377.6409
2019-05-22 23:16:00.0,86.54,2499.858,5095.852,3377.6423
2019-05-22 23:17:00.0,86.52,2499.852,5095.8535,3377.6438
2019-05-22 23:18:00.0,86.5,2499.845,5095.855,3377.645
2019-05-22 23:19:00.0,86.48,2499.8704,5095.8564,3377.6465
2019-05-22 23:20:00.0,86.45,2499.8538,5095.858,3377.648
2019-05-22 23:21:00.0,86.44,2499.8596,5095.8594,3377.6494
2019-05-22 23:22:00.0,86.41,2499.8674,5095.861,3377.651
2019-05-22 23:23:00.0,86.39,2499.8704,5095.8623,3377.6523
2019-05-22 23:24:00.0,86.37,2499.8655,5095.864,3377.6538
2019-05-22 23:25:00.0,86.35,2499.8572,5095.8647,3377.6553
2019-05-22 23:26:00.0,86.33,2499.8608,5095.866,3377.6567
2019-05-22 23:27:00.0,86.3,2499.8464,5095.8677,3377.658
2019-05-22 23:28:00.0,86.28,2499.866,5095.869,3377.6594
2019-05-22 23:29:00.0,86.26,2499.8457,5095.8706,3377.661
2019-05-22 23:30:00.0,86.24,2499.8523,5095.872,3377.6624
2019-05-22 23:31:00.0,86.22,2499.8618,5095.8735,3377.6638
2019-05-22 23:32:00.0,86.2,2499.8567,5095.875,3377.6653
2019-05-22 23:33:00.0,86.17,2499.8596,5095.8765,3377.6667
2019-05-22 23:34:00.0,86.16,2499.8755,5095.878,3377.6682
2019-05-22 23:35:00.0,86.12,2499.8457,5095.8794,3377.6697
2019-05-22 23:36:00.0,86.11,2499.8545,5095.881,3377.671
2019-05-22 23:37:00.0,86.09,2499.8704,5095.8823,3377.6724
2019-05-22 23:38:00.0,86.07,2499.881,5095.884,3377.6738
2019-05-22 23:39:00.0,86.05,2499.86,5095.8853,3377.6753
2019-05-22 23:40:00.0,86.03,2499.8726,5095.8867,3377.6768
2019-05-22 23:41:00.0,86.01,2499.8677,5095.888,3377.6782
2019-05-22 23:42:00.0,85.98,2499.8572,5095.889,3377.6797
2019-05-22 23:43:00.0,85.96,2499.8647,5095.8906,3377.6812
2019-05-22 23:44:00.0,85.94,2499.8545,5095.892,3377.6824
2019-05-22 23:45:00.0,85.92,2499.85,5095.8936,3377.6838
2019-05-22 23:46:00.0,85.9,2499.8718,5095.895,3377.6853
2019-05-22 23:47:00.0,85.87,2499.863,5095.8965,3377.6868
2019-05-22 23:48:00.0,85.85,2499.8647,5095.898,3377.6882
2019-05-22 23:49:00.0,85.83,2499.8552,5095.8994,3377.6897
2019-05-22 23:50:00.0,85.81,2499.866,5095.901,3377.6912
2019-05-22 23:51:00.0,85.79,2499.8528,5095.9023,3377.6924
2019-05-22 23:52:00.0,85.77,2499.8557,5095.904,3377.6938
2019-05-22 23:53:00.0,85.75,2499.8677,5095.9053,3377.6953
2019-05-22 23:54:00.0,85.73,2499.8538,5095.9067,3377.6968
2019-05-22 23:55:00.0,85.71,2499.867,5095.908,3377.6982
2019-05-22 23:56:00.0,85.68,2499.8545,5095.909,3377.6997
2019-05-22 23:57:00.0,85.66,2499.8457,5095.9106,3377.7012
2019-05-22 23:58:00.0,85.64,2499.876,5095.912,3377.7024
2019-05-22 23:59:00.0,85.62,2499.8516,5095.9136,3377.7039
